dataTable,sample,columnIndex,column
io.moderne.ai.table.LanguageDistribution,samples/comments_language.csv,0,repositoryOrigin
io.moderne.ai.table.LanguageDistribution,samples/comments_language.csv,1,repositoryPath
io.moderne.ai.table.LanguageDistribution,samples/comments_language.csv,2,repositoryBranch
io.moderne.ai.table.LanguageDistribution,samples/comments_language.csv,3,sourceFile
io.moderne.ai.table.LanguageDistribution,samples/comments_language.csv,4,comment
io.moderne.ai.table.LanguageDistribution,samples/comments_language.csv,5,language
io.moderne.ai.table.Recommendations,samples/recommendations.csv,0,repositoryOrigin
io.moderne.ai.table.Recommendations,samples/recommendations.csv,1,repositoryPath
io.moderne.ai.table.Recommendations,samples/recommendations.csv,2,repositoryBranch
io.moderne.ai.table.Recommendations,samples/recommendations.csv,3,scmType
io.moderne.ai.table.Recommendations,samples/recommendations.csv,4,repositoryLink
io.moderne.ai.table.Recommendations,samples/recommendations.csv,5,name
io.moderne.ai.table.Recommendations,samples/recommendations.csv,6,latency
io.moderne.ai.table.Recommendations,samples/recommendations.csv,7,tokenSize
io.moderne.ai.table.Recommendations,samples/recommendations.csv,8,Recommendations
io.moderne.ai.table.SuggestedMethodPatterns,samples/find_methods_ai.csv,0,repositoryOrigin
io.moderne.ai.table.SuggestedMethodPatterns,samples/find_methods_ai.csv,1,repositoryPath
io.moderne.ai.table.SuggestedMethodPatterns,samples/find_methods_ai.csv,2,repositoryBranch
io.moderne.ai.table.SuggestedMethodPatterns,samples/find_methods_ai.csv,3,scmType
io.moderne.ai.table.SuggestedMethodPatterns,samples/find_methods_ai.csv,4,repositoryLink
io.moderne.ai.table.SuggestedMethodPatterns,samples/find_methods_ai.csv,5,method
io.moderne.ai.table.SuggestedMethodPatterns,samples/find_methods_ai.csv,6,methodPattern
io.moderne.ai.table.SuggestedMethodPatterns,samples/find_methods_ai.csv,7,query
io.moderne.java.endoflife.table.EndOfLifeDependencyReport,samples/end_of_life_dependencies.csv,0,repositoryOrigin
io.moderne.java.endoflife.table.EndOfLifeDependencyReport,samples/end_of_life_dependencies.csv,1,repositoryPath
io.moderne.java.endoflife.table.EndOfLifeDependencyReport,samples/end_of_life_dependencies.csv,2,repositoryBranch
io.moderne.java.endoflife.table.EndOfLifeDependencyReport,samples/end_of_life_dependencies.csv,3,groupId
io.moderne.java.endoflife.table.EndOfLifeDependencyReport,samples/end_of_life_dependencies.csv,4,artifactId
io.moderne.java.endoflife.table.EndOfLifeDependencyReport,samples/end_of_life_dependencies.csv,5,version
io.moderne.java.endoflife.table.EndOfLifeDependencyReport,samples/end_of_life_dependencies.csv,6,product
io.moderne.java.endoflife.table.EndOfLifeDependencyReport,samples/end_of_life_dependencies.csv,7,release
io.moderne.java.endoflife.table.EndOfLifeDependencyReport,samples/end_of_life_dependencies.csv,8,eolFrom
io.moderne.java.endoflife.table.EndOfLifeDependencyReport,samples/end_of_life_dependencies.csv,9,eol
io.moderne.java.endoflife.table.EndOfLifeDependencyReport,samples/end_of_life_dependencies.csv,10,daysUntilEol
io.moderne.java.endoflife.table.EndOfLifeDependencyReport,samples/end_of_life_dependencies.csv,11,direct
io.moderne.java.endoflife.table.EndOfLifeDependencyReport,samples/end_of_life_dependencies.csv,12,dependencyPath
io.moderne.java.endoflife.table.EndOfLifeDependencyReport,samples/end_of_life_dependencies.csv,13,org1
io.moderne.java.endoflife.table.EndOfLifeDependencyReport,samples/end_of_life_dependencies.csv,14,org2
io.moderne.java.endoflife.table.EndOfLifeDependencyReport,samples/end_of_life_dependencies.csv,15,org3
io.moderne.prethink.table.ClassQualityMetrics,samples/v2/io.moderne.prethink.table.ClassQualityMetrics.csv,0,repositoryOrigin
io.moderne.prethink.table.ClassQualityMetrics,samples/v2/io.moderne.prethink.table.ClassQualityMetrics.csv,1,repositoryPath
io.moderne.prethink.table.ClassQualityMetrics,samples/v2/io.moderne.prethink.table.ClassQualityMetrics.csv,2,repositoryBranch
io.moderne.prethink.table.ClassQualityMetrics,samples/v2/io.moderne.prethink.table.ClassQualityMetrics.csv,3,sourcePath
io.moderne.prethink.table.ClassQualityMetrics,samples/v2/io.moderne.prethink.table.ClassQualityMetrics.csv,4,className
io.moderne.prethink.table.ClassQualityMetrics,samples/v2/io.moderne.prethink.table.ClassQualityMetrics.csv,5,lineCount
io.moderne.prethink.table.ClassQualityMetrics,samples/v2/io.moderne.prethink.table.ClassQualityMetrics.csv,6,methodCount
io.moderne.prethink.table.ClassQualityMetrics,samples/v2/io.moderne.prethink.table.ClassQualityMetrics.csv,7,fieldCount
io.moderne.prethink.table.ClassQualityMetrics,samples/v2/io.moderne.prethink.table.ClassQualityMetrics.csv,8,wmc
io.moderne.prethink.table.ClassQualityMetrics,samples/v2/io.moderne.prethink.table.ClassQualityMetrics.csv,9,lcom4
io.moderne.prethink.table.ClassQualityMetrics,samples/v2/io.moderne.prethink.table.ClassQualityMetrics.csv,10,tcc
io.moderne.prethink.table.ClassQualityMetrics,samples/v2/io.moderne.prethink.table.ClassQualityMetrics.csv,11,cbo
io.moderne.prethink.table.ClassQualityMetrics,samples/v2/io.moderne.prethink.table.ClassQualityMetrics.csv,12,maintainabilityIndex
io.moderne.prethink.table.ClassQualityMetrics,samples/v2/io.moderne.prethink.table.ClassQualityMetrics.csv,13,org1
io.moderne.prethink.table.ClassQualityMetrics,samples/v2/io.moderne.prethink.table.ClassQualityMetrics.csv,14,org2
io.moderne.prethink.table.CodeSmells,samples/v2/io.moderne.prethink.table.CodeSmells.csv,0,repositoryOrigin
io.moderne.prethink.table.CodeSmells,samples/v2/io.moderne.prethink.table.CodeSmells.csv,1,repositoryPath
io.moderne.prethink.table.CodeSmells,samples/v2/io.moderne.prethink.table.CodeSmells.csv,2,repositoryBranch
io.moderne.prethink.table.CodeSmells,samples/v2/io.moderne.prethink.table.CodeSmells.csv,3,sourcePath
io.moderne.prethink.table.CodeSmells,samples/v2/io.moderne.prethink.table.CodeSmells.csv,4,className
io.moderne.prethink.table.CodeSmells,samples/v2/io.moderne.prethink.table.CodeSmells.csv,5,methodName
io.moderne.prethink.table.CodeSmells,samples/v2/io.moderne.prethink.table.CodeSmells.csv,6,smellType
io.moderne.prethink.table.CodeSmells,samples/v2/io.moderne.prethink.table.CodeSmells.csv,7,severity
io.moderne.prethink.table.CodeSmells,samples/v2/io.moderne.prethink.table.CodeSmells.csv,8,evidence
io.moderne.prethink.table.CodeSmells,samples/v2/io.moderne.prethink.table.CodeSmells.csv,9,org1
io.moderne.prethink.table.CodeSmells,samples/v2/io.moderne.prethink.table.CodeSmells.csv,10,org2
io.moderne.prethink.table.MethodQualityMetrics,samples/v2/io.moderne.prethink.table.MethodQualityMetrics.csv,0,repositoryOrigin
io.moderne.prethink.table.MethodQualityMetrics,samples/v2/io.moderne.prethink.table.MethodQualityMetrics.csv,1,repositoryPath
io.moderne.prethink.table.MethodQualityMetrics,samples/v2/io.moderne.prethink.table.MethodQualityMetrics.csv,2,repositoryBranch
io.moderne.prethink.table.MethodQualityMetrics,samples/v2/io.moderne.prethink.table.MethodQualityMetrics.csv,3,sourcePath
io.moderne.prethink.table.MethodQualityMetrics,samples/v2/io.moderne.prethink.table.MethodQualityMetrics.csv,4,className
io.moderne.prethink.table.MethodQualityMetrics,samples/v2/io.moderne.prethink.table.MethodQualityMetrics.csv,5,methodName
io.moderne.prethink.table.MethodQualityMetrics,samples/v2/io.moderne.prethink.table.MethodQualityMetrics.csv,6,methodSignature
io.moderne.prethink.table.MethodQualityMetrics,samples/v2/io.moderne.prethink.table.MethodQualityMetrics.csv,7,cyclomaticComplexity
io.moderne.prethink.table.MethodQualityMetrics,samples/v2/io.moderne.prethink.table.MethodQualityMetrics.csv,8,cognitiveComplexity
io.moderne.prethink.table.MethodQualityMetrics,samples/v2/io.moderne.prethink.table.MethodQualityMetrics.csv,9,maxNestingDepth
io.moderne.prethink.table.MethodQualityMetrics,samples/v2/io.moderne.prethink.table.MethodQualityMetrics.csv,10,lineCount
io.moderne.prethink.table.MethodQualityMetrics,samples/v2/io.moderne.prethink.table.MethodQualityMetrics.csv,11,parameterCount
io.moderne.prethink.table.MethodQualityMetrics,samples/v2/io.moderne.prethink.table.MethodQualityMetrics.csv,12,abcScore
io.moderne.prethink.table.MethodQualityMetrics,samples/v2/io.moderne.prethink.table.MethodQualityMetrics.csv,13,assignments
io.moderne.prethink.table.MethodQualityMetrics,samples/v2/io.moderne.prethink.table.MethodQualityMetrics.csv,14,branches
io.moderne.prethink.table.MethodQualityMetrics,samples/v2/io.moderne.prethink.table.MethodQualityMetrics.csv,15,conditions
io.moderne.prethink.table.MethodQualityMetrics,samples/v2/io.moderne.prethink.table.MethodQualityMetrics.csv,16,halsteadVolume
io.moderne.prethink.table.MethodQualityMetrics,samples/v2/io.moderne.prethink.table.MethodQualityMetrics.csv,17,halsteadDifficulty
io.moderne.prethink.table.MethodQualityMetrics,samples/v2/io.moderne.prethink.table.MethodQualityMetrics.csv,18,halsteadEstimatedBugs
io.moderne.prethink.table.MethodQualityMetrics,samples/v2/io.moderne.prethink.table.MethodQualityMetrics.csv,19,org1
io.moderne.prethink.table.MethodQualityMetrics,samples/v2/io.moderne.prethink.table.MethodQualityMetrics.csv,20,org2
io.moderne.prethink.table.PackageQualityMetrics,samples/v2/io.moderne.prethink.table.PackageQualityMetrics.csv,0,repositoryOrigin
io.moderne.prethink.table.PackageQualityMetrics,samples/v2/io.moderne.prethink.table.PackageQualityMetrics.csv,1,repositoryPath
io.moderne.prethink.table.PackageQualityMetrics,samples/v2/io.moderne.prethink.table.PackageQualityMetrics.csv,2,repositoryBranch
io.moderne.prethink.table.PackageQualityMetrics,samples/v2/io.moderne.prethink.table.PackageQualityMetrics.csv,3,packageName
io.moderne.prethink.table.PackageQualityMetrics,samples/v2/io.moderne.prethink.table.PackageQualityMetrics.csv,4,afferentCoupling
io.moderne.prethink.table.PackageQualityMetrics,samples/v2/io.moderne.prethink.table.PackageQualityMetrics.csv,5,efferentCoupling
io.moderne.prethink.table.PackageQualityMetrics,samples/v2/io.moderne.prethink.table.PackageQualityMetrics.csv,6,instability
io.moderne.prethink.table.PackageQualityMetrics,samples/v2/io.moderne.prethink.table.PackageQualityMetrics.csv,7,abstractness
io.moderne.prethink.table.PackageQualityMetrics,samples/v2/io.moderne.prethink.table.PackageQualityMetrics.csv,8,distanceFromMainSequence
io.moderne.prethink.table.PackageQualityMetrics,samples/v2/io.moderne.prethink.table.PackageQualityMetrics.csv,9,inCycle
io.moderne.prethink.table.PackageQualityMetrics,samples/v2/io.moderne.prethink.table.PackageQualityMetrics.csv,10,cycleMembers
io.moderne.prethink.table.PackageQualityMetrics,samples/v2/io.moderne.prethink.table.PackageQualityMetrics.csv,11,org1
io.moderne.prethink.table.PackageQualityMetrics,samples/v2/io.moderne.prethink.table.PackageQualityMetrics.csv,12,org2
io.moderne.prethink.table.TestGaps,samples/v2/io.moderne.prethink.table.ClassQualityMetrics.csv,0,repositoryOrigin
io.moderne.prethink.table.TestGaps,samples/v2/io.moderne.prethink.table.ClassQualityMetrics.csv,1,repositoryPath
io.moderne.prethink.table.TestGaps,samples/v2/io.moderne.prethink.table.ClassQualityMetrics.csv,2,repositoryBranch
io.moderne.prethink.table.TestGaps,samples/v2/io.moderne.prethink.table.ClassQualityMetrics.csv,3,sourcePath
io.moderne.prethink.table.TestGaps,samples/v2/io.moderne.prethink.table.ClassQualityMetrics.csv,4,className
io.moderne.prethink.table.TestGaps,samples/v2/io.moderne.prethink.table.ClassQualityMetrics.csv,5,lineCount
io.moderne.prethink.table.TestGaps,samples/v2/io.moderne.prethink.table.ClassQualityMetrics.csv,6,methodCount
io.moderne.prethink.table.TestGaps,samples/v2/io.moderne.prethink.table.ClassQualityMetrics.csv,7,fieldCount
io.moderne.prethink.table.TestGaps,samples/v2/io.moderne.prethink.table.ClassQualityMetrics.csv,8,wmc
io.moderne.prethink.table.TestGaps,samples/v2/io.moderne.prethink.table.ClassQualityMetrics.csv,9,lcom4
io.moderne.prethink.table.TestGaps,samples/v2/io.moderne.prethink.table.ClassQualityMetrics.csv,10,tcc
io.moderne.prethink.table.TestGaps,samples/v2/io.moderne.prethink.table.ClassQualityMetrics.csv,11,cbo
io.moderne.prethink.table.TestGaps,samples/v2/io.moderne.prethink.table.ClassQualityMetrics.csv,12,maintainabilityIndex
io.moderne.prethink.table.TestGaps,samples/v2/io.moderne.prethink.table.ClassQualityMetrics.csv,13,org1
io.moderne.prethink.table.TestGaps,samples/v2/io.moderne.prethink.table.ClassQualityMetrics.csv,14,org2
io.moderne.prethink.table.TestQualityIssues,samples/v2/io.moderne.prethink.table.TestQualityIssues.csv,0,repositoryOrigin
io.moderne.prethink.table.TestQualityIssues,samples/v2/io.moderne.prethink.table.TestQualityIssues.csv,1,repositoryPath
io.moderne.prethink.table.TestQualityIssues,samples/v2/io.moderne.prethink.table.TestQualityIssues.csv,2,repositoryBranch
io.moderne.prethink.table.TestQualityIssues,samples/v2/io.moderne.prethink.table.TestQualityIssues.csv,3,sourcePath
io.moderne.prethink.table.TestQualityIssues,samples/v2/io.moderne.prethink.table.TestQualityIssues.csv,4,className
io.moderne.prethink.table.TestQualityIssues,samples/v2/io.moderne.prethink.table.TestQualityIssues.csv,5,methodName
io.moderne.prethink.table.TestQualityIssues,samples/v2/io.moderne.prethink.table.TestQualityIssues.csv,6,issueType
io.moderne.prethink.table.TestQualityIssues,samples/v2/io.moderne.prethink.table.TestQualityIssues.csv,7,severity
io.moderne.prethink.table.TestQualityIssues,samples/v2/io.moderne.prethink.table.TestQualityIssues.csv,8,language
io.moderne.prethink.table.TestQualityIssues,samples/v2/io.moderne.prethink.table.TestQualityIssues.csv,9,evidence
io.moderne.prethink.table.TestQualityIssues,samples/v2/io.moderne.prethink.table.TestQualityIssues.csv,10,org1
io.moderne.prethink.table.TestQualityIssues,samples/v2/io.moderne.prethink.table.TestQualityIssues.csv,11,org2
io.moderne.recipe.releasemetro.table.ParentRelationships,samples/v2/io.moderne.recipe.releasemetro.table.ParentRelationships.csv,0,repositoryOrigin
io.moderne.recipe.releasemetro.table.ParentRelationships,samples/v2/io.moderne.recipe.releasemetro.table.ParentRelationships.csv,1,repositoryPath
io.moderne.recipe.releasemetro.table.ParentRelationships,samples/v2/io.moderne.recipe.releasemetro.table.ParentRelationships.csv,2,repositoryBranch
io.moderne.recipe.releasemetro.table.ParentRelationships,samples/v2/io.moderne.recipe.releasemetro.table.ParentRelationships.csv,3,scmType
io.moderne.recipe.releasemetro.table.ParentRelationships,samples/v2/io.moderne.recipe.releasemetro.table.ParentRelationships.csv,4,repositoryLink
io.moderne.recipe.releasemetro.table.ParentRelationships,samples/v2/io.moderne.recipe.releasemetro.table.ParentRelationships.csv,5,childGroupId
io.moderne.recipe.releasemetro.table.ParentRelationships,samples/v2/io.moderne.recipe.releasemetro.table.ParentRelationships.csv,6,childArtifactId
io.moderne.recipe.releasemetro.table.ParentRelationships,samples/v2/io.moderne.recipe.releasemetro.table.ParentRelationships.csv,7,parentGroupId
io.moderne.recipe.releasemetro.table.ParentRelationships,samples/v2/io.moderne.recipe.releasemetro.table.ParentRelationships.csv,8,parentArtifactId
io.moderne.recipe.releasemetro.table.ParentRelationships,samples/v2/io.moderne.recipe.releasemetro.table.ParentRelationships.csv,9,parentVersion
io.moderne.recipe.releasemetro.table.ParentRelationships,samples/v2/io.moderne.recipe.releasemetro.table.ParentRelationships.csv,10,hierarchyType
io.moderne.recipe.releasemetro.table.ProjectCoordinates,samples/v2/io.moderne.recipe.releasemetro.table.ProjectCoordinates.csv,0,repositoryOrigin
io.moderne.recipe.releasemetro.table.ProjectCoordinates,samples/v2/io.moderne.recipe.releasemetro.table.ProjectCoordinates.csv,1,repositoryPath
io.moderne.recipe.releasemetro.table.ProjectCoordinates,samples/v2/io.moderne.recipe.releasemetro.table.ProjectCoordinates.csv,2,repositoryBranch
io.moderne.recipe.releasemetro.table.ProjectCoordinates,samples/v2/io.moderne.recipe.releasemetro.table.ProjectCoordinates.csv,3,scmType
io.moderne.recipe.releasemetro.table.ProjectCoordinates,samples/v2/io.moderne.recipe.releasemetro.table.ProjectCoordinates.csv,4,repositoryLink
io.moderne.recipe.releasemetro.table.ProjectCoordinates,samples/v2/io.moderne.recipe.releasemetro.table.ProjectCoordinates.csv,5,groupId
io.moderne.recipe.releasemetro.table.ProjectCoordinates,samples/v2/io.moderne.recipe.releasemetro.table.ProjectCoordinates.csv,6,artifactId
org.openrewrite.analysis.java.controlflow.table.ComplexityTable,samples/cyclomatic_complexity.csv,0,repositoryOrigin
org.openrewrite.analysis.java.controlflow.table.ComplexityTable,samples/cyclomatic_complexity.csv,1,repositoryPath
org.openrewrite.analysis.java.controlflow.table.ComplexityTable,samples/cyclomatic_complexity.csv,2,repositoryBranch
org.openrewrite.analysis.java.controlflow.table.ComplexityTable,samples/cyclomatic_complexity.csv,3,scmType
org.openrewrite.analysis.java.controlflow.table.ComplexityTable,samples/cyclomatic_complexity.csv,4,repositoryLink
org.openrewrite.analysis.java.controlflow.table.ComplexityTable,samples/cyclomatic_complexity.csv,5,className
org.openrewrite.analysis.java.controlflow.table.ComplexityTable,samples/cyclomatic_complexity.csv,6,methodName
org.openrewrite.analysis.java.controlflow.table.ComplexityTable,samples/cyclomatic_complexity.csv,7,argumentTypes
org.openrewrite.analysis.java.controlflow.table.ComplexityTable,samples/cyclomatic_complexity.csv,8,complexity
org.openrewrite.analysis.java.controlflow.table.ComplexityTable,samples/cyclomatic_complexity.csv,9,threshold
org.openrewrite.cobol.table.CobolRelationships,samples/cobol_relationships.csv,0,repositoryOrigin
org.openrewrite.cobol.table.CobolRelationships,samples/cobol_relationships.csv,1,repositoryPath
org.openrewrite.cobol.table.CobolRelationships,samples/cobol_relationships.csv,2,repositoryBranch
org.openrewrite.cobol.table.CobolRelationships,samples/cobol_relationships.csv,3,dependent
org.openrewrite.cobol.table.CobolRelationships,samples/cobol_relationships.csv,4,dependentType
org.openrewrite.cobol.table.CobolRelationships,samples/cobol_relationships.csv,5,action
org.openrewrite.cobol.table.CobolRelationships,samples/cobol_relationships.csv,6,dependency
org.openrewrite.cobol.table.CobolRelationships,samples/cobol_relationships.csv,7,dependencyType
org.openrewrite.cobol.table.CobolRelationships,samples/cobol_relationships.csv,8,dependencyMissing
org.openrewrite.cobol.table.CobolRelationships,samples/cobol_relationships.csv,9,actionMetadata
org.openrewrite.cobol.table.CopybookSource,samples/cobol_find_copybook.csv,0,repositoryOrigin
org.openrewrite.cobol.table.CopybookSource,samples/cobol_find_copybook.csv,1,repositoryPath
org.openrewrite.cobol.table.CopybookSource,samples/cobol_find_copybook.csv,2,repositoryBranch
org.openrewrite.cobol.table.CopybookSource,samples/cobol_find_copybook.csv,3,source
org.openrewrite.cobol.table.CopybookSource,samples/cobol_find_copybook.csv,4,copybookName
org.openrewrite.cobol.table.CopybookSource,samples/cobol_find_copybook.csv,5,copybookSourcePath
org.openrewrite.cobol.table.CopybookSource,samples/cobol_find_copybook.csv,6,resolutionStatus
org.openrewrite.cobol.table.CopybookSource,samples/cobol_find_copybook.csv,7,markedWord
org.openrewrite.codemods.ESLintMessages,samples/eslint_problems.csv,0,repositoryOrigin
org.openrewrite.codemods.ESLintMessages,samples/eslint_problems.csv,1,repositoryPath
org.openrewrite.codemods.ESLintMessages,samples/eslint_problems.csv,2,repositoryBranch
org.openrewrite.codemods.ESLintMessages,samples/eslint_problems.csv,3,scmType
org.openrewrite.codemods.ESLintMessages,samples/eslint_problems.csv,4,repositoryLink
org.openrewrite.codemods.ESLintMessages,samples/eslint_problems.csv,5,sourcePath
org.openrewrite.codemods.ESLintMessages,samples/eslint_problems.csv,6,ruleId
org.openrewrite.codemods.ESLintMessages,samples/eslint_problems.csv,7,severity
org.openrewrite.codemods.ESLintMessages,samples/eslint_problems.csv,8,fatal
org.openrewrite.codemods.ESLintMessages,samples/eslint_problems.csv,9,message
org.openrewrite.codemods.ESLintMessages,samples/eslint_problems.csv,10,line
org.openrewrite.codemods.ESLintMessages,samples/eslint_problems.csv,11,column
org.openrewrite.codemods.UI5Messages,samples/ui5_lint.csv,0,repositoryOrigin
org.openrewrite.codemods.UI5Messages,samples/ui5_lint.csv,1,repositoryPath
org.openrewrite.codemods.UI5Messages,samples/ui5_lint.csv,2,repositoryBranch
org.openrewrite.codemods.UI5Messages,samples/ui5_lint.csv,3,scmType
org.openrewrite.codemods.UI5Messages,samples/ui5_lint.csv,4,repositoryLink
org.openrewrite.codemods.UI5Messages,samples/ui5_lint.csv,5,sourcePath
org.openrewrite.codemods.UI5Messages,samples/ui5_lint.csv,6,ruleId
org.openrewrite.codemods.UI5Messages,samples/ui5_lint.csv,7,severity
org.openrewrite.codemods.UI5Messages,samples/ui5_lint.csv,8,line
org.openrewrite.codemods.UI5Messages,samples/ui5_lint.csv,9,column
org.openrewrite.codemods.UI5Messages,samples/ui5_lint.csv,10,message
org.openrewrite.csharp.dependencies.table.VulnerabilityReport,samples/dependency_vulnerabilities_npm.csv,0,repositoryOrigin
org.openrewrite.csharp.dependencies.table.VulnerabilityReport,samples/dependency_vulnerabilities_npm.csv,1,repositoryPath
org.openrewrite.csharp.dependencies.table.VulnerabilityReport,samples/dependency_vulnerabilities_npm.csv,2,repositoryBranch
org.openrewrite.csharp.dependencies.table.VulnerabilityReport,samples/dependency_vulnerabilities_npm.csv,3,cve
org.openrewrite.csharp.dependencies.table.VulnerabilityReport,samples/dependency_vulnerabilities_npm.csv,4,packageName
org.openrewrite.csharp.dependencies.table.VulnerabilityReport,samples/dependency_vulnerabilities_npm.csv,5,version
org.openrewrite.csharp.dependencies.table.VulnerabilityReport,samples/dependency_vulnerabilities_npm.csv,6,fixedVersion
org.openrewrite.csharp.dependencies.table.VulnerabilityReport,samples/dependency_vulnerabilities_npm.csv,7,fixWithVersionUpdateOnly
org.openrewrite.csharp.dependencies.table.VulnerabilityReport,samples/dependency_vulnerabilities_npm.csv,8,summary
org.openrewrite.csharp.dependencies.table.VulnerabilityReport,samples/dependency_vulnerabilities_npm.csv,9,severity
org.openrewrite.csharp.dependencies.table.VulnerabilityReport,samples/dependency_vulnerabilities_npm.csv,10,depth
org.openrewrite.gradle.table.GradleWrappersInUse,samples/v2/org.openrewrite.gradle.table.GradleWrappersInUse.csv,0,repositoryOrigin
org.openrewrite.gradle.table.GradleWrappersInUse,samples/v2/org.openrewrite.gradle.table.GradleWrappersInUse.csv,1,repositoryPath
org.openrewrite.gradle.table.GradleWrappersInUse,samples/v2/org.openrewrite.gradle.table.GradleWrappersInUse.csv,2,repositoryBranch
org.openrewrite.gradle.table.GradleWrappersInUse,samples/v2/org.openrewrite.gradle.table.GradleWrappersInUse.csv,3,version
org.openrewrite.gradle.table.GradleWrappersInUse,samples/v2/org.openrewrite.gradle.table.GradleWrappersInUse.csv,4,distribution
org.openrewrite.gradle.table.GradleWrappersInUse,samples/v2/org.openrewrite.gradle.table.GradleWrappersInUse.csv,5,org1
org.openrewrite.gradle.table.GradleWrappersInUse,samples/v2/org.openrewrite.gradle.table.GradleWrappersInUse.csv,6,org2
org.openrewrite.java.dependencies.table.DependencyListReport,samples/v2/org.openrewrite.java.dependencies.table.DependencyListReport.csv,0,repositoryOrigin
org.openrewrite.java.dependencies.table.DependencyListReport,samples/v2/org.openrewrite.java.dependencies.table.DependencyListReport.csv,1,repositoryPath
org.openrewrite.java.dependencies.table.DependencyListReport,samples/v2/org.openrewrite.java.dependencies.table.DependencyListReport.csv,2,repositoryBranch
org.openrewrite.java.dependencies.table.DependencyListReport,samples/v2/org.openrewrite.java.dependencies.table.DependencyListReport.csv,3,buildTool
org.openrewrite.java.dependencies.table.DependencyListReport,samples/v2/org.openrewrite.java.dependencies.table.DependencyListReport.csv,4,groupId
org.openrewrite.java.dependencies.table.DependencyListReport,samples/v2/org.openrewrite.java.dependencies.table.DependencyListReport.csv,5,artifactId
org.openrewrite.java.dependencies.table.DependencyListReport,samples/v2/org.openrewrite.java.dependencies.table.DependencyListReport.csv,6,version
org.openrewrite.java.dependencies.table.DependencyListReport,samples/v2/org.openrewrite.java.dependencies.table.DependencyListReport.csv,7,dependencyGroupId
org.openrewrite.java.dependencies.table.DependencyListReport,samples/v2/org.openrewrite.java.dependencies.table.DependencyListReport.csv,8,dependencyArtifactId
org.openrewrite.java.dependencies.table.DependencyListReport,samples/v2/org.openrewrite.java.dependencies.table.DependencyListReport.csv,9,dependencyVersion
org.openrewrite.java.dependencies.table.DependencyListReport,samples/v2/org.openrewrite.java.dependencies.table.DependencyListReport.csv,10,direct
org.openrewrite.java.dependencies.table.DependencyListReport,samples/v2/org.openrewrite.java.dependencies.table.DependencyListReport.csv,11,resolutionFailure
org.openrewrite.java.dependencies.table.DependencyListReport,samples/v2/org.openrewrite.java.dependencies.table.DependencyListReport.csv,12,org1
org.openrewrite.java.dependencies.table.DependencyListReport,samples/v2/org.openrewrite.java.dependencies.table.DependencyListReport.csv,13,org2
org.openrewrite.java.dependencies.table.VulnerabilityReport,samples/dependency_vulnerabilities.csv,0,repositoryOrigin
org.openrewrite.java.dependencies.table.VulnerabilityReport,samples/dependency_vulnerabilities.csv,1,repositoryPath
org.openrewrite.java.dependencies.table.VulnerabilityReport,samples/dependency_vulnerabilities.csv,2,repositoryBranch
org.openrewrite.java.dependencies.table.VulnerabilityReport,samples/dependency_vulnerabilities.csv,3,scmType
org.openrewrite.java.dependencies.table.VulnerabilityReport,samples/dependency_vulnerabilities.csv,4,repositoryLink
org.openrewrite.java.dependencies.table.VulnerabilityReport,samples/dependency_vulnerabilities.csv,5,projectName
org.openrewrite.java.dependencies.table.VulnerabilityReport,samples/dependency_vulnerabilities.csv,6,cve
org.openrewrite.java.dependencies.table.VulnerabilityReport,samples/dependency_vulnerabilities.csv,7,groupId
org.openrewrite.java.dependencies.table.VulnerabilityReport,samples/dependency_vulnerabilities.csv,8,artifactId
org.openrewrite.java.dependencies.table.VulnerabilityReport,samples/dependency_vulnerabilities.csv,9,version
org.openrewrite.java.dependencies.table.VulnerabilityReport,samples/dependency_vulnerabilities.csv,10,fixedVersion
org.openrewrite.java.dependencies.table.VulnerabilityReport,samples/dependency_vulnerabilities.csv,11,lastAffectedVersion
org.openrewrite.java.dependencies.table.VulnerabilityReport,samples/dependency_vulnerabilities.csv,12,versionWithinDelta
org.openrewrite.java.dependencies.table.VulnerabilityReport,samples/dependency_vulnerabilities.csv,13,summary
org.openrewrite.java.dependencies.table.VulnerabilityReport,samples/dependency_vulnerabilities.csv,14,severity
org.openrewrite.java.dependencies.table.VulnerabilityReport,samples/dependency_vulnerabilities.csv,15,depth
org.openrewrite.java.dependencies.table.VulnerabilityReport,samples/dependency_vulnerabilities.csv,16,CWEs
org.openrewrite.java.migrate.table.JavaVersionPerSourceSet,samples/v2/org.openrewrite.java.migrate.table.JavaVersionPerSourceSet.csv,0,repositoryOrigin
org.openrewrite.java.migrate.table.JavaVersionPerSourceSet,samples/v2/org.openrewrite.java.migrate.table.JavaVersionPerSourceSet.csv,1,repositoryPath
org.openrewrite.java.migrate.table.JavaVersionPerSourceSet,samples/v2/org.openrewrite.java.migrate.table.JavaVersionPerSourceSet.csv,2,repositoryBranch
org.openrewrite.java.migrate.table.JavaVersionPerSourceSet,samples/v2/org.openrewrite.java.migrate.table.JavaVersionPerSourceSet.csv,3,projectName
org.openrewrite.java.migrate.table.JavaVersionPerSourceSet,samples/v2/org.openrewrite.java.migrate.table.JavaVersionPerSourceSet.csv,4,sourceSetName
org.openrewrite.java.migrate.table.JavaVersionPerSourceSet,samples/v2/org.openrewrite.java.migrate.table.JavaVersionPerSourceSet.csv,5,createdBy
org.openrewrite.java.migrate.table.JavaVersionPerSourceSet,samples/v2/org.openrewrite.java.migrate.table.JavaVersionPerSourceSet.csv,6,vmVendor
org.openrewrite.java.migrate.table.JavaVersionPerSourceSet,samples/v2/org.openrewrite.java.migrate.table.JavaVersionPerSourceSet.csv,7,sourceCompatibility
org.openrewrite.java.migrate.table.JavaVersionPerSourceSet,samples/v2/org.openrewrite.java.migrate.table.JavaVersionPerSourceSet.csv,8,majorVersionSourceCompatibility
org.openrewrite.java.migrate.table.JavaVersionPerSourceSet,samples/v2/org.openrewrite.java.migrate.table.JavaVersionPerSourceSet.csv,9,targetCompatibility
org.openrewrite.java.migrate.table.JavaVersionPerSourceSet,samples/v2/org.openrewrite.java.migrate.table.JavaVersionPerSourceSet.csv,10,org1
org.openrewrite.java.migrate.table.JavaVersionPerSourceSet,samples/v2/org.openrewrite.java.migrate.table.JavaVersionPerSourceSet.csv,11,org2
org.openrewrite.java.migrate.table.JavaVersionTable,samples/v2/org.openrewrite.java.migrate.table.JavaVersionTable.csv,0,repositoryOrigin
org.openrewrite.java.migrate.table.JavaVersionTable,samples/v2/org.openrewrite.java.migrate.table.JavaVersionTable.csv,1,repositoryPath
org.openrewrite.java.migrate.table.JavaVersionTable,samples/v2/org.openrewrite.java.migrate.table.JavaVersionTable.csv,2,repositoryBranch
org.openrewrite.java.migrate.table.JavaVersionTable,samples/v2/org.openrewrite.java.migrate.table.JavaVersionTable.csv,3,sourceVersion
org.openrewrite.java.migrate.table.JavaVersionTable,samples/v2/org.openrewrite.java.migrate.table.JavaVersionTable.csv,4,targetVersion
org.openrewrite.java.migrate.table.JavaVersionTable,samples/v2/org.openrewrite.java.migrate.table.JavaVersionTable.csv,5,org1
org.openrewrite.java.migrate.table.JavaVersionTable,samples/v2/org.openrewrite.java.migrate.table.JavaVersionTable.csv,6,org2
org.openrewrite.java.spring.table.SpringComponentRelationships,samples/v2/org.openrewrite.java.spring.table.SpringComponentRelationships.csv,0,repositoryOrigin
org.openrewrite.java.spring.table.SpringComponentRelationships,samples/v2/org.openrewrite.java.spring.table.SpringComponentRelationships.csv,1,repositoryPath
org.openrewrite.java.spring.table.SpringComponentRelationships,samples/v2/org.openrewrite.java.spring.table.SpringComponentRelationships.csv,2,repositoryBranch
org.openrewrite.java.spring.table.SpringComponentRelationships,samples/v2/org.openrewrite.java.spring.table.SpringComponentRelationships.csv,3,sourceFile
org.openrewrite.java.spring.table.SpringComponentRelationships,samples/v2/org.openrewrite.java.spring.table.SpringComponentRelationships.csv,4,dependantType
org.openrewrite.java.spring.table.SpringComponentRelationships,samples/v2/org.openrewrite.java.spring.table.SpringComponentRelationships.csv,5,dependencyType
org.openrewrite.java.spring.table.SpringComponentRelationships,samples/v2/org.openrewrite.java.spring.table.SpringComponentRelationships.csv,6,org1
org.openrewrite.java.spring.table.SpringComponentRelationships,samples/v2/org.openrewrite.java.spring.table.SpringComponentRelationships.csv,7,org2
org.openrewrite.java.spring.table.SpringComponents,samples/v2/org.openrewrite.java.spring.table.SpringComponents.csv,0,repositoryOrigin
org.openrewrite.java.spring.table.SpringComponents,samples/v2/org.openrewrite.java.spring.table.SpringComponents.csv,1,repositoryPath
org.openrewrite.java.spring.table.SpringComponents,samples/v2/org.openrewrite.java.spring.table.SpringComponents.csv,2,repositoryBranch
org.openrewrite.java.spring.table.SpringComponents,samples/v2/org.openrewrite.java.spring.table.SpringComponents.csv,3,sourcePath
org.openrewrite.java.spring.table.SpringComponents,samples/v2/org.openrewrite.java.spring.table.SpringComponents.csv,4,componentType
org.openrewrite.java.spring.table.SpringComponents,samples/v2/org.openrewrite.java.spring.table.SpringComponents.csv,5,org1
org.openrewrite.java.spring.table.SpringComponents,samples/v2/org.openrewrite.java.spring.table.SpringComponents.csv,6,org2
org.openrewrite.java.table.MethodCalls,samples/find_methods.csv,0,repositoryOrigin
org.openrewrite.java.table.MethodCalls,samples/find_methods.csv,1,repositoryPath
org.openrewrite.java.table.MethodCalls,samples/find_methods.csv,2,repositoryBranch
org.openrewrite.java.table.MethodCalls,samples/find_methods.csv,3,sourceFile
org.openrewrite.java.table.MethodCalls,samples/find_methods.csv,4,method
org.openrewrite.maven.table.DependenciesDeclared,samples/v2/org.openrewrite.maven.table.DependenciesDeclared.csv,0,repositoryOrigin
org.openrewrite.maven.table.DependenciesDeclared,samples/v2/org.openrewrite.maven.table.DependenciesDeclared.csv,1,repositoryPath
org.openrewrite.maven.table.DependenciesDeclared,samples/v2/org.openrewrite.maven.table.DependenciesDeclared.csv,2,repositoryBranch
org.openrewrite.maven.table.DependenciesDeclared,samples/v2/org.openrewrite.maven.table.DependenciesDeclared.csv,3,scmType
org.openrewrite.maven.table.DependenciesDeclared,samples/v2/org.openrewrite.maven.table.DependenciesDeclared.csv,4,repositoryLink
org.openrewrite.maven.table.DependenciesDeclared,samples/v2/org.openrewrite.maven.table.DependenciesDeclared.csv,5,projectName
org.openrewrite.maven.table.DependenciesDeclared,samples/v2/org.openrewrite.maven.table.DependenciesDeclared.csv,6,sourceSet
org.openrewrite.maven.table.DependenciesDeclared,samples/v2/org.openrewrite.maven.table.DependenciesDeclared.csv,7,groupId
org.openrewrite.maven.table.DependenciesDeclared,samples/v2/org.openrewrite.maven.table.DependenciesDeclared.csv,8,artifactId
org.openrewrite.maven.table.DependenciesDeclared,samples/v2/org.openrewrite.maven.table.DependenciesDeclared.csv,9,version
org.openrewrite.maven.table.DependenciesDeclared,samples/v2/org.openrewrite.maven.table.DependenciesDeclared.csv,10,datedSnapshotVersion
org.openrewrite.maven.table.DependenciesDeclared,samples/v2/org.openrewrite.maven.table.DependenciesDeclared.csv,11,scope
org.openrewrite.maven.table.DependenciesInUse,samples/dependency_usage_violin.csv,0,repositoryOrigin
org.openrewrite.maven.table.DependenciesInUse,samples/dependency_usage_violin.csv,1,repositoryPath
org.openrewrite.maven.table.DependenciesInUse,samples/dependency_usage_violin.csv,2,repositoryBranch
org.openrewrite.maven.table.DependenciesInUse,samples/dependency_usage_violin.csv,3,scmType
org.openrewrite.maven.table.DependenciesInUse,samples/dependency_usage_violin.csv,4,repositoryLink
org.openrewrite.maven.table.DependenciesInUse,samples/dependency_usage_violin.csv,5,projectName
org.openrewrite.maven.table.DependenciesInUse,samples/dependency_usage_violin.csv,6,sourceSet
org.openrewrite.maven.table.DependenciesInUse,samples/dependency_usage_violin.csv,7,groupId
org.openrewrite.maven.table.DependenciesInUse,samples/dependency_usage_violin.csv,8,artifactId
org.openrewrite.maven.table.DependenciesInUse,samples/dependency_usage_violin.csv,9,version
org.openrewrite.maven.table.DependenciesInUse,samples/dependency_usage_violin.csv,10,datedSnapshotVersion
org.openrewrite.maven.table.DependenciesInUse,samples/dependency_usage_violin.csv,11,scope
org.openrewrite.maven.table.DependenciesInUse,samples/dependency_usage_violin.csv,12,count
org.openrewrite.maven.table.EffectiveMavenSettings,samples/v2/org.openrewrite.maven.table.EffectiveMavenSettings.csv,0,repositoryOrigin
org.openrewrite.maven.table.EffectiveMavenSettings,samples/v2/org.openrewrite.maven.table.EffectiveMavenSettings.csv,1,repositoryPath
org.openrewrite.maven.table.EffectiveMavenSettings,samples/v2/org.openrewrite.maven.table.EffectiveMavenSettings.csv,2,repositoryBranch
org.openrewrite.maven.table.EffectiveMavenSettings,samples/v2/org.openrewrite.maven.table.EffectiveMavenSettings.csv,3,pom
org.openrewrite.maven.table.EffectiveMavenSettings,samples/v2/org.openrewrite.maven.table.EffectiveMavenSettings.csv,4,mavenSettings
org.openrewrite.maven.table.EffectiveMavenSettings,samples/v2/org.openrewrite.maven.table.EffectiveMavenSettings.csv,5,org1
org.openrewrite.maven.table.EffectiveMavenSettings,samples/v2/org.openrewrite.maven.table.EffectiveMavenSettings.csv,6,org2
org.openrewrite.maven.table.ParentPomsInUse,samples/maven_parent_poms.csv,0,repositoryOrigin
org.openrewrite.maven.table.ParentPomsInUse,samples/maven_parent_poms.csv,1,repositoryPath
org.openrewrite.maven.table.ParentPomsInUse,samples/maven_parent_poms.csv,2,repositoryBranch
org.openrewrite.maven.table.ParentPomsInUse,samples/maven_parent_poms.csv,3,projectArtifactId
org.openrewrite.maven.table.ParentPomsInUse,samples/maven_parent_poms.csv,4,groupId
org.openrewrite.maven.table.ParentPomsInUse,samples/maven_parent_poms.csv,5,artifactId
org.openrewrite.maven.table.ParentPomsInUse,samples/maven_parent_poms.csv,6,version
org.openrewrite.maven.table.ParentPomsInUse,samples/maven_parent_poms.csv,7,relativePath
org.openrewrite.nodejs.table.DependenciesInUse,samples/v2/org.openrewrite.nodejs.table.DependenciesInUse.csv,0,repositoryOrigin
org.openrewrite.nodejs.table.DependenciesInUse,samples/v2/org.openrewrite.nodejs.table.DependenciesInUse.csv,1,repositoryPath
org.openrewrite.nodejs.table.DependenciesInUse,samples/v2/org.openrewrite.nodejs.table.DependenciesInUse.csv,2,repositoryBranch
org.openrewrite.nodejs.table.DependenciesInUse,samples/v2/org.openrewrite.nodejs.table.DependenciesInUse.csv,3,name
org.openrewrite.nodejs.table.DependenciesInUse,samples/v2/org.openrewrite.nodejs.table.DependenciesInUse.csv,4,requestedVersion
org.openrewrite.nodejs.table.DependenciesInUse,samples/v2/org.openrewrite.nodejs.table.DependenciesInUse.csv,5,version
org.openrewrite.nodejs.table.DependenciesInUse,samples/v2/org.openrewrite.nodejs.table.DependenciesInUse.csv,6,org1
org.openrewrite.nodejs.table.DependenciesInUse,samples/v2/org.openrewrite.nodejs.table.DependenciesInUse.csv,7,org2
org.openrewrite.nodejs.table.VulnerabilityReport,samples/dependency_vulnerabilities_npm.csv,0,repositoryOrigin
org.openrewrite.nodejs.table.VulnerabilityReport,samples/dependency_vulnerabilities_npm.csv,1,repositoryPath
org.openrewrite.nodejs.table.VulnerabilityReport,samples/dependency_vulnerabilities_npm.csv,2,repositoryBranch
org.openrewrite.nodejs.table.VulnerabilityReport,samples/dependency_vulnerabilities_npm.csv,3,cve
org.openrewrite.nodejs.table.VulnerabilityReport,samples/dependency_vulnerabilities_npm.csv,4,packageName
org.openrewrite.nodejs.table.VulnerabilityReport,samples/dependency_vulnerabilities_npm.csv,5,version
org.openrewrite.nodejs.table.VulnerabilityReport,samples/dependency_vulnerabilities_npm.csv,6,fixedVersion
org.openrewrite.nodejs.table.VulnerabilityReport,samples/dependency_vulnerabilities_npm.csv,7,fixWithVersionUpdateOnly
org.openrewrite.nodejs.table.VulnerabilityReport,samples/dependency_vulnerabilities_npm.csv,8,summary
org.openrewrite.nodejs.table.VulnerabilityReport,samples/dependency_vulnerabilities_npm.csv,9,severity
org.openrewrite.nodejs.table.VulnerabilityReport,samples/dependency_vulnerabilities_npm.csv,10,depth
org.openrewrite.sql.table.DatabaseColumnsUsed,samples/v2/org.openrewrite.sql.table.DatabaseColumnsUsed.csv,0,repositoryOrigin
org.openrewrite.sql.table.DatabaseColumnsUsed,samples/v2/org.openrewrite.sql.table.DatabaseColumnsUsed.csv,1,repositoryPath
org.openrewrite.sql.table.DatabaseColumnsUsed,samples/v2/org.openrewrite.sql.table.DatabaseColumnsUsed.csv,2,repositoryBranch
org.openrewrite.sql.table.DatabaseColumnsUsed,samples/v2/org.openrewrite.sql.table.DatabaseColumnsUsed.csv,3,sourcePath
org.openrewrite.sql.table.DatabaseColumnsUsed,samples/v2/org.openrewrite.sql.table.DatabaseColumnsUsed.csv,4,lineNumber
org.openrewrite.sql.table.DatabaseColumnsUsed,samples/v2/org.openrewrite.sql.table.DatabaseColumnsUsed.csv,5,getCommitHash
org.openrewrite.sql.table.DatabaseColumnsUsed,samples/v2/org.openrewrite.sql.table.DatabaseColumnsUsed.csv,6,operation
org.openrewrite.sql.table.DatabaseColumnsUsed,samples/v2/org.openrewrite.sql.table.DatabaseColumnsUsed.csv,7,table
org.openrewrite.sql.table.DatabaseColumnsUsed,samples/v2/org.openrewrite.sql.table.DatabaseColumnsUsed.csv,8,column
org.openrewrite.sql.table.DatabaseColumnsUsed,samples/v2/org.openrewrite.sql.table.DatabaseColumnsUsed.csv,9,org1
org.openrewrite.sql.table.DatabaseColumnsUsed,samples/v2/org.openrewrite.sql.table.DatabaseColumnsUsed.csv,10,org2
org.openrewrite.table.CallGraph,samples/v2/org.openrewrite.table.CallGraph.csv,0,repositoryOrigin
org.openrewrite.table.CallGraph,samples/v2/org.openrewrite.table.CallGraph.csv,1,repositoryPath
org.openrewrite.table.CallGraph,samples/v2/org.openrewrite.table.CallGraph.csv,2,repositoryBranch
org.openrewrite.table.CallGraph,samples/v2/org.openrewrite.table.CallGraph.csv,3,fromSourceSet
org.openrewrite.table.CallGraph,samples/v2/org.openrewrite.table.CallGraph.csv,4,fromClass
org.openrewrite.table.CallGraph,samples/v2/org.openrewrite.table.CallGraph.csv,5,fromName
org.openrewrite.table.CallGraph,samples/v2/org.openrewrite.table.CallGraph.csv,6,fromArguments
org.openrewrite.table.CallGraph,samples/v2/org.openrewrite.table.CallGraph.csv,7,fromType
org.openrewrite.table.CallGraph,samples/v2/org.openrewrite.table.CallGraph.csv,8,action
org.openrewrite.table.CallGraph,samples/v2/org.openrewrite.table.CallGraph.csv,9,toClass
org.openrewrite.table.CallGraph,samples/v2/org.openrewrite.table.CallGraph.csv,10,toName
org.openrewrite.table.CallGraph,samples/v2/org.openrewrite.table.CallGraph.csv,11,toArguments
org.openrewrite.table.CallGraph,samples/v2/org.openrewrite.table.CallGraph.csv,12,toType
org.openrewrite.table.CallGraph,samples/v2/org.openrewrite.table.CallGraph.csv,13,returnType
org.openrewrite.table.CallGraph,samples/v2/org.openrewrite.table.CallGraph.csv,14,org1
org.openrewrite.table.CallGraph,samples/v2/org.openrewrite.table.CallGraph.csv,15,org2
org.openrewrite.table.LanguageCompositionPerFile,samples/v2/org.openrewrite.table.LanguageCompositionPerFile.csv,0,repositoryOrigin
org.openrewrite.table.LanguageCompositionPerFile,samples/v2/org.openrewrite.table.LanguageCompositionPerFile.csv,1,repositoryPath
org.openrewrite.table.LanguageCompositionPerFile,samples/v2/org.openrewrite.table.LanguageCompositionPerFile.csv,2,repositoryBranch
org.openrewrite.table.LanguageCompositionPerFile,samples/v2/org.openrewrite.table.LanguageCompositionPerFile.csv,3,sourcePath
org.openrewrite.table.LanguageCompositionPerFile,samples/v2/org.openrewrite.table.LanguageCompositionPerFile.csv,4,language
org.openrewrite.table.LanguageCompositionPerFile,samples/v2/org.openrewrite.table.LanguageCompositionPerFile.csv,5,sourceFileType
org.openrewrite.table.LanguageCompositionPerFile,samples/v2/org.openrewrite.table.LanguageCompositionPerFile.csv,6,linesOfText
org.openrewrite.table.LanguageCompositionPerFile,samples/v2/org.openrewrite.table.LanguageCompositionPerFile.csv,7,hasParseFailures
org.openrewrite.table.LanguageCompositionPerFile,samples/v2/org.openrewrite.table.LanguageCompositionPerFile.csv,8,org1
org.openrewrite.table.LanguageCompositionPerFile,samples/v2/org.openrewrite.table.LanguageCompositionPerFile.csv,9,org2
org.openrewrite.table.LanguageCompositionPerFolder,samples/v2/org.openrewrite.table.LanguageCompositionPerFolder.csv,0,repositoryOrigin
org.openrewrite.table.LanguageCompositionPerFolder,samples/v2/org.openrewrite.table.LanguageCompositionPerFolder.csv,1,repositoryPath
org.openrewrite.table.LanguageCompositionPerFolder,samples/v2/org.openrewrite.table.LanguageCompositionPerFolder.csv,2,repositoryBranch
org.openrewrite.table.LanguageCompositionPerFolder,samples/v2/org.openrewrite.table.LanguageCompositionPerFolder.csv,3,folderPath
org.openrewrite.table.LanguageCompositionPerFolder,samples/v2/org.openrewrite.table.LanguageCompositionPerFolder.csv,4,language
org.openrewrite.table.LanguageCompositionPerFolder,samples/v2/org.openrewrite.table.LanguageCompositionPerFolder.csv,5,fileCount
org.openrewrite.table.LanguageCompositionPerFolder,samples/v2/org.openrewrite.table.LanguageCompositionPerFolder.csv,6,lineCount
org.openrewrite.table.LanguageCompositionPerFolder,samples/v2/org.openrewrite.table.LanguageCompositionPerFolder.csv,7,org1
org.openrewrite.table.LanguageCompositionPerFolder,samples/v2/org.openrewrite.table.LanguageCompositionPerFolder.csv,8,org2
org.openrewrite.table.LstProvenanceTable,samples/v2/org.openrewrite.table.LstProvenanceTable.csv,0,repositoryOrigin
org.openrewrite.table.LstProvenanceTable,samples/v2/org.openrewrite.table.LstProvenanceTable.csv,1,repositoryPath
org.openrewrite.table.LstProvenanceTable,samples/v2/org.openrewrite.table.LstProvenanceTable.csv,2,repositoryBranch
org.openrewrite.table.LstProvenanceTable,samples/v2/org.openrewrite.table.LstProvenanceTable.csv,3,buildToolType
org.openrewrite.table.LstProvenanceTable,samples/v2/org.openrewrite.table.LstProvenanceTable.csv,4,buildToolVersion
org.openrewrite.table.LstProvenanceTable,samples/v2/org.openrewrite.table.LstProvenanceTable.csv,5,lstSerializerVersion
org.openrewrite.table.LstProvenanceTable,samples/v2/org.openrewrite.table.LstProvenanceTable.csv,6,timestampEpochMillis
org.openrewrite.table.LstProvenanceTable,samples/v2/org.openrewrite.table.LstProvenanceTable.csv,7,timestampUtc
org.openrewrite.table.LstProvenanceTable,samples/v2/org.openrewrite.table.LstProvenanceTable.csv,8,org1
org.openrewrite.table.LstProvenanceTable,samples/v2/org.openrewrite.table.LstProvenanceTable.csv,9,org2
org.openrewrite.table.ParseFailures,samples/v2/org.openrewrite.table.ParseFailures.csv,0,repositoryOrigin
org.openrewrite.table.ParseFailures,samples/v2/org.openrewrite.table.ParseFailures.csv,1,repositoryPath
org.openrewrite.table.ParseFailures,samples/v2/org.openrewrite.table.ParseFailures.csv,2,repositoryBranch
org.openrewrite.table.ParseFailures,samples/v2/org.openrewrite.table.ParseFailures.csv,3,parser
org.openrewrite.table.ParseFailures,samples/v2/org.openrewrite.table.ParseFailures.csv,4,sourcePath
org.openrewrite.table.ParseFailures,samples/v2/org.openrewrite.table.ParseFailures.csv,5,exceptionType
org.openrewrite.table.ParseFailures,samples/v2/org.openrewrite.table.ParseFailures.csv,6,treeType
org.openrewrite.table.ParseFailures,samples/v2/org.openrewrite.table.ParseFailures.csv,7,snippet
org.openrewrite.table.ParseFailures,samples/v2/org.openrewrite.table.ParseFailures.csv,8,stackTrace
org.openrewrite.table.ParseFailures,samples/v2/org.openrewrite.table.ParseFailures.csv,9,org1
org.openrewrite.table.ParseFailures,samples/v2/org.openrewrite.table.ParseFailures.csv,10,org2
org.openrewrite.table.RecipeRunStats,samples/recipe_performance.csv,0,repositoryOrigin
org.openrewrite.table.RecipeRunStats,samples/recipe_performance.csv,1,repositoryPath
org.openrewrite.table.RecipeRunStats,samples/recipe_performance.csv,2,repositoryBranch
org.openrewrite.table.RecipeRunStats,samples/recipe_performance.csv,3,scmType
org.openrewrite.table.RecipeRunStats,samples/recipe_performance.csv,4,repositoryLink
org.openrewrite.table.RecipeRunStats,samples/recipe_performance.csv,5,recipe
org.openrewrite.table.RecipeRunStats,samples/recipe_performance.csv,6,sourceFiles
org.openrewrite.table.RecipeRunStats,samples/recipe_performance.csv,7,sourceFilesChanged
org.openrewrite.table.RecipeRunStats,samples/recipe_performance.csv,8,scanTotalTimeNs
org.openrewrite.table.RecipeRunStats,samples/recipe_performance.csv,9,scanP99Ns
org.openrewrite.table.RecipeRunStats,samples/recipe_performance.csv,10,scanMaxNs
org.openrewrite.table.RecipeRunStats,samples/recipe_performance.csv,11,editTotalTimeNs
org.openrewrite.table.RecipeRunStats,samples/recipe_performance.csv,12,editP99Ns
org.openrewrite.table.RecipeRunStats,samples/recipe_performance.csv,13,editMaxNs
org.openrewrite.table.SourcesFileResults,samples/composite_recipe_results_sankey.csv,0,repositoryOrigin
org.openrewrite.table.SourcesFileResults,samples/composite_recipe_results_sankey.csv,1,repositoryPath
org.openrewrite.table.SourcesFileResults,samples/composite_recipe_results_sankey.csv,2,repositoryBranch
org.openrewrite.table.SourcesFileResults,samples/composite_recipe_results_sankey.csv,3,scmType
org.openrewrite.table.SourcesFileResults,samples/composite_recipe_results_sankey.csv,4,repositoryLink
org.openrewrite.table.SourcesFileResults,samples/composite_recipe_results_sankey.csv,5,sourcePath
org.openrewrite.table.SourcesFileResults,samples/composite_recipe_results_sankey.csv,6,afterSourcePath
org.openrewrite.table.SourcesFileResults,samples/composite_recipe_results_sankey.csv,7,parentRecipe
org.openrewrite.table.SourcesFileResults,samples/composite_recipe_results_sankey.csv,8,recipe
org.openrewrite.table.SourcesFileResults,samples/composite_recipe_results_sankey.csv,9,estimatedTimeSaving
org.openrewrite.table.SourcesFileResults,samples/composite_recipe_results_sankey.csv,10,cycle
org.openrewrite.table.SourcesFiles,samples/find_source_files.csv,0,repositoryOrigin
org.openrewrite.table.SourcesFiles,samples/find_source_files.csv,1,repositoryPath
org.openrewrite.table.SourcesFiles,samples/find_source_files.csv,2,repositoryBranch
org.openrewrite.table.SourcesFiles,samples/find_source_files.csv,3,sourcePath
org.openrewrite.table.SourcesFiles,samples/find_source_files.csv,4,type
org.openrewrite.table.TextMatches,samples/v2/org.openrewrite.table.TextMatches.csv,0,repositoryOrigin
org.openrewrite.table.TextMatches,samples/v2/org.openrewrite.table.TextMatches.csv,1,repositoryPath
org.openrewrite.table.TextMatches,samples/v2/org.openrewrite.table.TextMatches.csv,2,repositoryBranch
org.openrewrite.table.TextMatches,samples/v2/org.openrewrite.table.TextMatches.csv,3,sourcePath
org.openrewrite.table.TextMatches,samples/v2/org.openrewrite.table.TextMatches.csv,4,match
org.openrewrite.table.TextMatches,samples/v2/org.openrewrite.table.TextMatches.csv,5,org1
org.openrewrite.table.TextMatches,samples/v2/org.openrewrite.table.TextMatches.csv,6,org2
