repositoryOrigin,repositoryPath,repositoryBranch,fromClass,fromName,fromArguments,fromType,action,toClass,toName,toArguments,toType
github.com,openrewrite/rewrite-concourse,main,org.openrewrite.concourse.FindResource,getVisitor,,METHOD,CALL,org.openrewrite.yaml.JsonPathMatcher,<constructor>,java.lang.String,CONSTRUCTOR
github.com,openrewrite/rewrite-concourse,main,org.openrewrite.concourse.FindResource,getVisitor,,METHOD,CALL,org.openrewrite.concourse.FindResource$1,<constructor>,,CONSTRUCTOR
github.com,openrewrite/rewrite-concourse,main,org.openrewrite.concourse.FindResource$1,visitMappingEntry,"org.openrewrite.yaml.tree.Yaml$Mapping$Entry,org.openrewrite.ExecutionContext",METHOD,CALL,org.openrewrite.yaml.JsonPathMatcher,matches,org.openrewrite.Cursor,METHOD
github.com,openrewrite/rewrite-concourse,main,org.openrewrite.concourse.FindResource$1,visitMappingEntry,"org.openrewrite.yaml.tree.Yaml$Mapping$Entry,org.openrewrite.ExecutionContext",METHOD,CALL,org.openrewrite.TreeVisitor,getCursor,,METHOD
github.com,openrewrite/rewrite-concourse,main,org.openrewrite.concourse.FindResource$1,visitMappingEntry,"org.openrewrite.yaml.tree.Yaml$Mapping$Entry,org.openrewrite.ExecutionContext",METHOD,CALL,org.openrewrite.yaml.tree.Yaml$Mapping$Entry,getValue,,METHOD
github.com,openrewrite/rewrite-concourse,main,org.openrewrite.concourse.FindResource$1,visitMappingEntry,"org.openrewrite.yaml.tree.Yaml$Mapping$Entry,org.openrewrite.ExecutionContext",METHOD,CALL,org.openrewrite.yaml.tree.Yaml$Scalar,getValue,,METHOD
github.com,openrewrite/rewrite-concourse,main,org.openrewrite.concourse.FindResource$1,visitMappingEntry,"org.openrewrite.yaml.tree.Yaml$Mapping$Entry,org.openrewrite.ExecutionContext",METHOD,CALL,org.openrewrite.marker.SearchResult,found,org.openrewrite.yaml.tree.Yaml$Mapping$Entry,METHOD
github.com,openrewrite/rewrite-concourse,main,org.openrewrite.concourse.FindResource$1,visitMappingEntry,"org.openrewrite.yaml.tree.Yaml$Mapping$Entry,org.openrewrite.ExecutionContext",METHOD,CALL,org.openrewrite.yaml.YamlVisitor,visitMappingEntry,"org.openrewrite.yaml.tree.Yaml$Mapping$Entry,org.openrewrite.ExecutionContext",METHOD
github.com,openrewrite/rewrite-concourse,main,org.openrewrite.concourse.Parameters,isParameter,org.openrewrite.yaml.tree.Yaml,METHOD,CALL,org.openrewrite.yaml.tree.Yaml$Scalar,getValue,,METHOD
github.com,openrewrite/rewrite-concourse,main,org.openrewrite.concourse.Parameters,toJsonPath,org.openrewrite.yaml.tree.Yaml,METHOD,CALL,org.openrewrite.concourse.Parameters,isParameter,org.openrewrite.yaml.tree.Yaml,METHOD
github.com,openrewrite/rewrite-concourse,main,org.openrewrite.concourse.Parameters,toJsonPath,org.openrewrite.yaml.tree.Yaml,METHOD,CALL,org.openrewrite.yaml.tree.Yaml$Scalar,getValue,,METHOD
github.com,openrewrite/rewrite-concourse,main,org.openrewrite.concourse.Parameters,toJsonPath,org.openrewrite.yaml.tree.Yaml,METHOD,CALL,org.openrewrite.yaml.JsonPathMatcher,<constructor>,java.lang.String,CONSTRUCTOR
github.com,openrewrite/rewrite-concourse,main,org.openrewrite.concourse.ChangeResourceVersion,getVisitor,,METHOD,CALL,org.openrewrite.yaml.JsonPathMatcher,<constructor>,java.lang.String,CONSTRUCTOR
github.com,openrewrite/rewrite-concourse,main,org.openrewrite.concourse.ChangeResourceVersion,getVisitor,,METHOD,CALL,org.openrewrite.concourse.ChangeResourceVersion$1,<constructor>,,CONSTRUCTOR
github.com,openrewrite/rewrite-concourse,main,org.openrewrite.concourse.ChangeResourceVersion$1,visitMapping,"org.openrewrite.yaml.tree.Yaml$Mapping,org.openrewrite.ExecutionContext",METHOD,CALL,org.openrewrite.yaml.JsonPathMatcher,matches,org.openrewrite.Cursor,METHOD
github.com,openrewrite/rewrite-concourse,main,org.openrewrite.concourse.ChangeResourceVersion$1,visitMapping,"org.openrewrite.yaml.tree.Yaml$Mapping,org.openrewrite.ExecutionContext",METHOD,CALL,org.openrewrite.TreeVisitor,getCursor,,METHOD
github.com,openrewrite/rewrite-concourse,main,org.openrewrite.concourse.ChangeResourceVersion$1,visitMapping,"org.openrewrite.yaml.tree.Yaml$Mapping,org.openrewrite.ExecutionContext",METHOD,CALL,org.openrewrite.yaml.tree.Yaml$Mapping,getEntries,,METHOD
github.com,openrewrite/rewrite-concourse,main,org.openrewrite.concourse.ChangeResourceVersion$1,visitMapping,"org.openrewrite.yaml.tree.Yaml$Mapping,org.openrewrite.ExecutionContext",METHOD,CALL,org.openrewrite.yaml.tree.YamlKey,getValue,,METHOD
github.com,openrewrite/rewrite-concourse,main,org.openrewrite.concourse.ChangeResourceVersion$1,visitMapping,"org.openrewrite.yaml.tree.Yaml$Mapping,org.openrewrite.ExecutionContext",METHOD,CALL,org.openrewrite.yaml.tree.Yaml$Mapping$Entry,getKey,,METHOD
github.com,openrewrite/rewrite-concourse,main,org.openrewrite.concourse.ChangeResourceVersion$1,visitMapping,"org.openrewrite.yaml.tree.Yaml$Mapping,org.openrewrite.ExecutionContext",METHOD,CALL,org.openrewrite.yaml.tree.Yaml$Document,getBlock,,METHOD
github.com,openrewrite/rewrite-concourse,main,org.openrewrite.concourse.ChangeResourceVersion$1,visitMapping,"org.openrewrite.yaml.tree.Yaml$Mapping,org.openrewrite.ExecutionContext",METHOD,CALL,org.openrewrite.yaml.tree.Yaml$Documents,getDocuments,,METHOD
github.com,openrewrite/rewrite-concourse,main,org.openrewrite.concourse.ChangeResourceVersion$1,visitMapping,"org.openrewrite.yaml.tree.Yaml$Mapping,org.openrewrite.ExecutionContext",METHOD,CALL,org.openrewrite.yaml.YamlParser,parse,java.lang.String[],METHOD
github.com,openrewrite/rewrite-concourse,main,org.openrewrite.concourse.ChangeResourceVersion$1,visitMapping,"org.openrewrite.yaml.tree.Yaml$Mapping,org.openrewrite.ExecutionContext",METHOD,CALL,org.openrewrite.yaml.YamlParser,<constructor>,,CONSTRUCTOR
github.com,openrewrite/rewrite-concourse,main,org.openrewrite.concourse.ChangeResourceVersion$1,visitMapping,"org.openrewrite.yaml.tree.Yaml$Mapping,org.openrewrite.ExecutionContext",METHOD,CALL,org.openrewrite.yaml.YamlVisitor,autoFormat,"org.openrewrite.yaml.tree.Yaml$Mapping$Entry,org.openrewrite.ExecutionContext,org.openrewrite.Cursor",METHOD
github.com,openrewrite/rewrite-concourse,main,org.openrewrite.concourse.ChangeResourceVersion$1,visitMapping,"org.openrewrite.yaml.tree.Yaml$Mapping,org.openrewrite.ExecutionContext",METHOD,CALL,org.openrewrite.yaml.tree.Yaml$Mapping,withEntries,java.util.List<org.openrewrite.yaml.tree.Yaml$Mapping$Entry>,METHOD
github.com,openrewrite/rewrite-concourse,main,org.openrewrite.concourse.ChangeResourceVersion$1,visitMapping,"org.openrewrite.yaml.tree.Yaml$Mapping,org.openrewrite.ExecutionContext",METHOD,CALL,org.openrewrite.internal.ListUtils,concat,"java.util.List<org.openrewrite.yaml.tree.Yaml$Mapping$Entry>,org.openrewrite.yaml.tree.Yaml$Mapping$Entry",METHOD
github.com,openrewrite/rewrite-concourse,main,org.openrewrite.concourse.ChangeResourceVersion$1,visitMapping,"org.openrewrite.yaml.tree.Yaml$Mapping,org.openrewrite.ExecutionContext",METHOD,CALL,org.openrewrite.yaml.YamlVisitor,visitMapping,"org.openrewrite.yaml.tree.Yaml$Mapping,org.openrewrite.ExecutionContext",METHOD
github.com,openrewrite/rewrite-concourse,main,org.openrewrite.concourse.ChangeResourceVersion$1,visitMappingEntry,"org.openrewrite.yaml.tree.Yaml$Mapping$Entry,org.openrewrite.ExecutionContext",METHOD,CALL,org.openrewrite.yaml.JsonPathMatcher,matches,org.openrewrite.Cursor,METHOD
github.com,openrewrite/rewrite-concourse,main,org.openrewrite.concourse.ChangeResourceVersion$1,visitMappingEntry,"org.openrewrite.yaml.tree.Yaml$Mapping$Entry,org.openrewrite.ExecutionContext",METHOD,CALL,org.openrewrite.TreeVisitor,getCursor,,METHOD
github.com,openrewrite/rewrite-concourse,main,org.openrewrite.concourse.ChangeResourceVersion$1,visitMappingEntry,"org.openrewrite.yaml.tree.Yaml$Mapping$Entry,org.openrewrite.ExecutionContext",METHOD,CALL,org.openrewrite.yaml.tree.Yaml$Mapping$Entry,getValue,,METHOD
github.com,openrewrite/rewrite-concourse,main,org.openrewrite.concourse.ChangeResourceVersion$1,visitMappingEntry,"org.openrewrite.yaml.tree.Yaml$Mapping$Entry,org.openrewrite.ExecutionContext",METHOD,CALL,org.openrewrite.yaml.tree.Yaml$Scalar,getValue,,METHOD
github.com,openrewrite/rewrite-concourse,main,org.openrewrite.concourse.ChangeResourceVersion$1,visitMappingEntry,"org.openrewrite.yaml.tree.Yaml$Mapping$Entry,org.openrewrite.ExecutionContext",METHOD,CALL,org.openrewrite.yaml.tree.Yaml$Mapping$Entry,withValue,org.openrewrite.yaml.tree.Yaml$Block,METHOD
github.com,openrewrite/rewrite-concourse,main,org.openrewrite.concourse.ChangeResourceVersion$1,visitMappingEntry,"org.openrewrite.yaml.tree.Yaml$Mapping$Entry,org.openrewrite.ExecutionContext",METHOD,CALL,org.openrewrite.yaml.tree.Yaml$Scalar,withValue,java.lang.String,METHOD
github.com,openrewrite/rewrite-concourse,main,org.openrewrite.concourse.ChangeResourceVersion$1,visitMappingEntry,"org.openrewrite.yaml.tree.Yaml$Mapping$Entry,org.openrewrite.ExecutionContext",METHOD,CALL,org.openrewrite.yaml.YamlVisitor,visitMappingEntry,"org.openrewrite.yaml.tree.Yaml$Mapping$Entry,org.openrewrite.ExecutionContext",METHOD
github.com,openrewrite/rewrite-concourse,main,org.openrewrite.concourse.ChangeValue,validate,,METHOD,CALL,org.openrewrite.Validated,and,org.openrewrite.Validated<Generic{? extends }>,METHOD
github.com,openrewrite/rewrite-concourse,main,org.openrewrite.concourse.ChangeValue,validate,,METHOD,CALL,org.openrewrite.Recipe,validate,,METHOD
github.com,openrewrite/rewrite-concourse,main,org.openrewrite.concourse.ChangeValue,validate,,METHOD,CALL,org.openrewrite.Validated,test,"java.lang.String,java.lang.String,java.lang.String,java.util.function.Predicate<java.lang.String>",METHOD
github.com,openrewrite/rewrite-concourse,main,org.openrewrite.concourse.ChangeValue,getScanner,org.openrewrite.concourse.ChangeValue$Accumulator,METHOD,CALL,org.openrewrite.yaml.JsonPathMatcher,<constructor>,java.lang.String,CONSTRUCTOR
github.com,openrewrite/rewrite-concourse,main,org.openrewrite.concourse.ChangeValue,getScanner,org.openrewrite.concourse.ChangeValue$Accumulator,METHOD,CALL,org.openrewrite.concourse.ChangeValue$1,<constructor>,,CONSTRUCTOR
github.com,openrewrite/rewrite-concourse,main,org.openrewrite.concourse.ChangeValue$1,visitMappingEntry,"org.openrewrite.yaml.tree.Yaml$Mapping$Entry,org.openrewrite.ExecutionContext",METHOD,CALL,org.openrewrite.concourse.Parameters,isParameter,org.openrewrite.yaml.tree.Yaml,METHOD
github.com,openrewrite/rewrite-concourse,main,org.openrewrite.concourse.ChangeValue$1,visitMappingEntry,"org.openrewrite.yaml.tree.Yaml$Mapping$Entry,org.openrewrite.ExecutionContext",METHOD,CALL,org.openrewrite.yaml.tree.Yaml$Mapping$Entry,getValue,,METHOD
github.com,openrewrite/rewrite-concourse,main,org.openrewrite.concourse.ChangeValue$1,visitMappingEntry,"org.openrewrite.yaml.tree.Yaml$Mapping$Entry,org.openrewrite.ExecutionContext",METHOD,CALL,org.openrewrite.concourse.ChangeValue,getPath,org.openrewrite.Cursor,METHOD
github.com,openrewrite/rewrite-concourse,main,org.openrewrite.concourse.ChangeValue$1,visitMappingEntry,"org.openrewrite.yaml.tree.Yaml$Mapping$Entry,org.openrewrite.ExecutionContext",METHOD,CALL,org.openrewrite.TreeVisitor,getCursor,,METHOD
github.com,openrewrite/rewrite-concourse,main,org.openrewrite.concourse.ChangeValue$1,visitMappingEntry,"org.openrewrite.yaml.tree.Yaml$Mapping$Entry,org.openrewrite.ExecutionContext",METHOD,CALL,org.openrewrite.concourse.Parameters,toJsonPath,org.openrewrite.yaml.tree.Yaml,METHOD
github.com,openrewrite/rewrite-concourse,main,org.openrewrite.concourse.ChangeValue$1,visitMappingEntry,"org.openrewrite.yaml.tree.Yaml$Mapping$Entry,org.openrewrite.ExecutionContext",METHOD,CALL,org.openrewrite.yaml.JsonPathMatcher,matches,org.openrewrite.Cursor,METHOD
github.com,openrewrite/rewrite-concourse,main,org.openrewrite.concourse.ChangeValue$1,visitMappingEntry,"org.openrewrite.yaml.tree.Yaml$Mapping$Entry,org.openrewrite.ExecutionContext",METHOD,CALL,org.openrewrite.yaml.YamlVisitor,visitMappingEntry,"org.openrewrite.yaml.tree.Yaml$Mapping$Entry,org.openrewrite.ExecutionContext",METHOD
github.com,openrewrite/rewrite-concourse,main,org.openrewrite.concourse.ChangeValue,getVisitor,org.openrewrite.concourse.ChangeValue$Accumulator,METHOD,CALL,org.openrewrite.yaml.JsonPathMatcher,<constructor>,java.lang.String,CONSTRUCTOR
github.com,openrewrite/rewrite-concourse,main,org.openrewrite.concourse.ChangeValue,getVisitor,org.openrewrite.concourse.ChangeValue$Accumulator,METHOD,CALL,org.openrewrite.concourse.ChangeValue$2,<constructor>,,CONSTRUCTOR
github.com,openrewrite/rewrite-concourse,main,org.openrewrite.concourse.ChangeValue$2,visit,"org.openrewrite.Tree,org.openrewrite.ExecutionContext",METHOD,CALL,org.openrewrite.yaml.tree.Yaml$Documents,getSourcePath,,METHOD
github.com,openrewrite/rewrite-concourse,main,org.openrewrite.concourse.ChangeValue$2,visit,"org.openrewrite.Tree,org.openrewrite.ExecutionContext",METHOD,CALL,org.openrewrite.TreeVisitor,visit,"org.openrewrite.Tree,org.openrewrite.ExecutionContext",METHOD
github.com,openrewrite/rewrite-concourse,main,org.openrewrite.concourse.ChangeValue$2,visit,"org.openrewrite.Tree,org.openrewrite.ExecutionContext",METHOD,CALL,org.openrewrite.Cursor,pollMessage,java.lang.String,METHOD
github.com,openrewrite/rewrite-concourse,main,org.openrewrite.concourse.ChangeValue$2,visit,"org.openrewrite.Tree,org.openrewrite.ExecutionContext",METHOD,CALL,org.openrewrite.TreeVisitor,getCursor,,METHOD
github.com,openrewrite/rewrite-concourse,main,org.openrewrite.concourse.ChangeValue$2,visit,"org.openrewrite.Tree,org.openrewrite.ExecutionContext",METHOD,CALL,org.openrewrite.TreeVisitor,visitNonNull,"org.openrewrite.Tree,org.openrewrite.ExecutionContext",METHOD
github.com,openrewrite/rewrite-concourse,main,org.openrewrite.concourse.ChangeValue$2,visit,"org.openrewrite.Tree,org.openrewrite.ExecutionContext",METHOD,CALL,org.openrewrite.yaml.ChangeValue,getVisitor,,METHOD
github.com,openrewrite/rewrite-concourse,main,org.openrewrite.concourse.ChangeValue$2,visit,"org.openrewrite.Tree,org.openrewrite.ExecutionContext",METHOD,CALL,org.openrewrite.yaml.ChangeValue,<constructor>,"java.lang.String,java.lang.String",CONSTRUCTOR
github.com,openrewrite/rewrite-concourse,main,org.openrewrite.concourse.ChangeValue$2,visitMappingEntry,"org.openrewrite.yaml.tree.Yaml$Mapping$Entry,org.openrewrite.ExecutionContext",METHOD,CALL,org.openrewrite.yaml.YamlIsoVisitor,visitMappingEntry,"org.openrewrite.yaml.tree.Yaml$Mapping$Entry,org.openrewrite.ExecutionContext",METHOD
github.com,openrewrite/rewrite-concourse,main,org.openrewrite.concourse.ChangeValue$2,visitMappingEntry,"org.openrewrite.yaml.tree.Yaml$Mapping$Entry,org.openrewrite.ExecutionContext",METHOD,CALL,org.openrewrite.concourse.ChangeValue,getPath,org.openrewrite.Cursor,METHOD
github.com,openrewrite/rewrite-concourse,main,org.openrewrite.concourse.ChangeValue$2,visitMappingEntry,"org.openrewrite.yaml.tree.Yaml$Mapping$Entry,org.openrewrite.ExecutionContext",METHOD,CALL,org.openrewrite.TreeVisitor,getCursor,,METHOD
github.com,openrewrite/rewrite-concourse,main,org.openrewrite.concourse.ChangeValue$2,visitMappingEntry,"org.openrewrite.yaml.tree.Yaml$Mapping$Entry,org.openrewrite.ExecutionContext",METHOD,CALL,org.openrewrite.concourse.ChangeValue$2,maybeReplaceValue,"org.openrewrite.yaml.tree.Yaml$Mapping$Entry,org.openrewrite.yaml.JsonPathMatcher",METHOD
github.com,openrewrite/rewrite-concourse,main,org.openrewrite.concourse.ChangeValue$2,maybeReplaceValue,"org.openrewrite.yaml.tree.Yaml$Mapping$Entry,org.openrewrite.yaml.JsonPathMatcher",METHOD,CALL,org.openrewrite.yaml.JsonPathMatcher,matches,org.openrewrite.Cursor,METHOD
github.com,openrewrite/rewrite-concourse,main,org.openrewrite.concourse.ChangeValue$2,maybeReplaceValue,"org.openrewrite.yaml.tree.Yaml$Mapping$Entry,org.openrewrite.yaml.JsonPathMatcher",METHOD,CALL,org.openrewrite.TreeVisitor,getCursor,,METHOD
github.com,openrewrite/rewrite-concourse,main,org.openrewrite.concourse.ChangeValue$2,maybeReplaceValue,"org.openrewrite.yaml.tree.Yaml$Mapping$Entry,org.openrewrite.yaml.JsonPathMatcher",METHOD,CALL,org.openrewrite.yaml.tree.Yaml$Mapping$Entry,getValue,,METHOD
github.com,openrewrite/rewrite-concourse,main,org.openrewrite.concourse.ChangeValue$2,maybeReplaceValue,"org.openrewrite.yaml.tree.Yaml$Mapping$Entry,org.openrewrite.yaml.JsonPathMatcher",METHOD,CALL,org.openrewrite.concourse.Parameters,isParameter,org.openrewrite.yaml.tree.Yaml,METHOD
github.com,openrewrite/rewrite-concourse,main,org.openrewrite.concourse.ChangeValue$2,maybeReplaceValue,"org.openrewrite.yaml.tree.Yaml$Mapping$Entry,org.openrewrite.yaml.JsonPathMatcher",METHOD,CALL,org.openrewrite.yaml.tree.Yaml$Scalar,getValue,,METHOD
github.com,openrewrite/rewrite-concourse,main,org.openrewrite.concourse.ChangeValue$2,maybeReplaceValue,"org.openrewrite.yaml.tree.Yaml$Mapping$Entry,org.openrewrite.yaml.JsonPathMatcher",METHOD,CALL,org.openrewrite.Cursor,putMessage,"java.lang.String,java.lang.Object",METHOD
github.com,openrewrite/rewrite-concourse,main,org.openrewrite.concourse.ChangeValue$2,maybeReplaceValue,"org.openrewrite.yaml.tree.Yaml$Mapping$Entry,org.openrewrite.yaml.JsonPathMatcher",METHOD,CALL,org.openrewrite.Cursor,getRoot,,METHOD
github.com,openrewrite/rewrite-concourse,main,org.openrewrite.concourse.ChangeValue$2,maybeReplaceValue,"org.openrewrite.yaml.tree.Yaml$Mapping$Entry,org.openrewrite.yaml.JsonPathMatcher",METHOD,CALL,org.openrewrite.yaml.tree.Yaml$Mapping$Entry,withValue,org.openrewrite.yaml.tree.Yaml$Block,METHOD
github.com,openrewrite/rewrite-concourse,main,org.openrewrite.concourse.ChangeValue$2,maybeReplaceValue,"org.openrewrite.yaml.tree.Yaml$Mapping$Entry,org.openrewrite.yaml.JsonPathMatcher",METHOD,CALL,org.openrewrite.yaml.tree.Yaml$Scalar,withValue,java.lang.String,METHOD
github.com,openrewrite/rewrite-concourse,main,org.openrewrite.concourse.ChangeValue,getPath,org.openrewrite.Cursor,METHOD,CALL,org.openrewrite.Cursor,getPathAsStream,,METHOD
github.com,openrewrite/rewrite-concourse,main,org.openrewrite.concourse.ChangeValue,getPath,org.openrewrite.Cursor,METHOD,CALL,org.openrewrite.yaml.tree.Yaml$Mapping$Entry,getKey,,METHOD
github.com,openrewrite/rewrite-concourse,main,org.openrewrite.concourse.ChangeValue,getPath,org.openrewrite.Cursor,METHOD,CALL,org.openrewrite.yaml.tree.YamlKey,getValue,,METHOD
github.com,openrewrite/rewrite-concourse,main,org.openrewrite.concourse.ChangeValue,getPath,org.openrewrite.Cursor,METHOD,CALL,org.openrewrite.yaml.JsonPathMatcher,<constructor>,java.lang.String,CONSTRUCTOR
github.com,openrewrite/rewrite-concourse,main,org.openrewrite.concourse.search.FindPinnedResource,getRecipeList,,METHOD,CALL,org.openrewrite.yaml.search.FindKey,<constructor>,java.lang.String,CONSTRUCTOR
github.com,openrewrite/rewrite-concourse,main,org.openrewrite.concourse.UpdateGitResourceUriTest,updateGitUri,,METHOD,CALL,org.openrewrite.test.RewriteTest,rewriteRun,"java.util.function.Consumer<org.openrewrite.test.RecipeSpec>,org.openrewrite.test.SourceSpecs[]",METHOD
github.com,openrewrite/rewrite-concourse,main,org.openrewrite.concourse.UpdateGitResourceUriTest,updateGitUri,,METHOD,CALL,org.openrewrite.test.RecipeSpec,recipe,org.openrewrite.Recipe,METHOD
github.com,openrewrite/rewrite-concourse,main,org.openrewrite.concourse.UpdateGitResourceUriTest,updateGitUri,,METHOD,CALL,org.openrewrite.concourse.UpdateGitResourceUri,<constructor>,"java.lang.String,java.lang.String,java.lang.String",CONSTRUCTOR
github.com,openrewrite/rewrite-concourse,main,org.openrewrite.concourse.UpdateGitResourceUriTest,updateGitUri,,METHOD,CALL,org.openrewrite.yaml.Assertions,yaml,"java.lang.String,java.lang.String",METHOD
github.com,openrewrite/rewrite-concourse,main,org.openrewrite.concourse.ChangeValueTest,updateGitURI,,METHOD,CALL,org.openrewrite.test.RewriteTest,rewriteRun,"java.util.function.Consumer<org.openrewrite.test.RecipeSpec>,org.openrewrite.test.SourceSpecs[]",METHOD
github.com,openrewrite/rewrite-concourse,main,org.openrewrite.concourse.ChangeValueTest,updateGitURI,,METHOD,CALL,org.openrewrite.test.RecipeSpec,recipe,org.openrewrite.Recipe,METHOD
github.com,openrewrite/rewrite-concourse,main,org.openrewrite.concourse.ChangeValueTest,updateGitURI,,METHOD,CALL,org.openrewrite.concourse.ChangeValue,<constructor>,"java.lang.String,java.lang.String,java.lang.String,java.lang.String",CONSTRUCTOR
github.com,openrewrite/rewrite-concourse,main,org.openrewrite.concourse.ChangeValueTest,updateGitURI,,METHOD,CALL,org.openrewrite.yaml.Assertions,yaml,"java.lang.String,java.lang.String",METHOD
github.com,openrewrite/rewrite-concourse,main,org.openrewrite.concourse.ChangeValueTest,updateProperty,,METHOD,CALL,org.openrewrite.test.RewriteTest,rewriteRun,"java.util.function.Consumer<org.openrewrite.test.RecipeSpec>,org.openrewrite.test.SourceSpecs[]",METHOD
github.com,openrewrite/rewrite-concourse,main,org.openrewrite.concourse.ChangeValueTest,updateProperty,,METHOD,CALL,org.openrewrite.test.RecipeSpec,recipe,org.openrewrite.Recipe,METHOD
github.com,openrewrite/rewrite-concourse,main,org.openrewrite.concourse.ChangeValueTest,updateProperty,,METHOD,CALL,org.openrewrite.concourse.ChangeValue,<constructor>,"java.lang.String,java.lang.String,java.lang.String,java.lang.String",CONSTRUCTOR
github.com,openrewrite/rewrite-concourse,main,org.openrewrite.concourse.ChangeValueTest,updateProperty,,METHOD,CALL,org.openrewrite.yaml.Assertions,yaml,java.lang.String,METHOD
github.com,openrewrite/rewrite-concourse,main,org.openrewrite.concourse.ChangeValueTest,updateProperty,,METHOD,CALL,org.openrewrite.yaml.Assertions,yaml,"java.lang.String,java.lang.String",METHOD
github.com,openrewrite/rewrite-concourse,main,org.openrewrite.concourse.ChangeValueTest,updatePropertyWithNestedKey,,METHOD,CALL,org.openrewrite.test.RewriteTest,rewriteRun,"java.util.function.Consumer<org.openrewrite.test.RecipeSpec>,org.openrewrite.test.SourceSpecs[]",METHOD
github.com,openrewrite/rewrite-concourse,main,org.openrewrite.concourse.ChangeValueTest,updatePropertyWithNestedKey,,METHOD,CALL,org.openrewrite.test.RecipeSpec,recipe,org.openrewrite.Recipe,METHOD
github.com,openrewrite/rewrite-concourse,main,org.openrewrite.concourse.ChangeValueTest,updatePropertyWithNestedKey,,METHOD,CALL,org.openrewrite.concourse.ChangeValue,<constructor>,"java.lang.String,java.lang.String,java.lang.String,java.lang.String",CONSTRUCTOR
github.com,openrewrite/rewrite-concourse,main,org.openrewrite.concourse.ChangeValueTest,updatePropertyWithNestedKey,,METHOD,CALL,org.openrewrite.yaml.Assertions,yaml,java.lang.String,METHOD
github.com,openrewrite/rewrite-concourse,main,org.openrewrite.concourse.ChangeValueTest,updatePropertyWithNestedKey,,METHOD,CALL,org.openrewrite.yaml.Assertions,yaml,"java.lang.String,java.lang.String",METHOD
github.com,openrewrite/rewrite-concourse,main,org.openrewrite.concourse.ChangeValueTest,doNotReplaceOriginalParameterReferenceWhenParameterized,,METHOD,CALL,org.openrewrite.test.RewriteTest,rewriteRun,"java.util.function.Consumer<org.openrewrite.test.RecipeSpec>,org.openrewrite.test.SourceSpecs[]",METHOD
github.com,openrewrite/rewrite-concourse,main,org.openrewrite.concourse.ChangeValueTest,doNotReplaceOriginalParameterReferenceWhenParameterized,,METHOD,CALL,org.openrewrite.test.RecipeSpec,recipe,org.openrewrite.Recipe,METHOD
github.com,openrewrite/rewrite-concourse,main,org.openrewrite.concourse.ChangeValueTest,doNotReplaceOriginalParameterReferenceWhenParameterized,,METHOD,CALL,org.openrewrite.concourse.ChangeValue,<constructor>,"java.lang.String,java.lang.String,java.lang.String,java.lang.String",CONSTRUCTOR
github.com,openrewrite/rewrite-concourse,main,org.openrewrite.concourse.ChangeValueTest,doNotReplaceOriginalParameterReferenceWhenParameterized,,METHOD,CALL,org.openrewrite.yaml.Assertions,yaml,"java.lang.String,java.util.function.Consumer<org.openrewrite.test.SourceSpec<org.openrewrite.yaml.tree.Yaml$Documents>>",METHOD
github.com,openrewrite/rewrite-concourse,main,org.openrewrite.concourse.ChangeValueTest,doNotReplaceOriginalParameterReferenceWhenParameterized,,METHOD,CALL,org.openrewrite.test.SourceSpec,skip,,METHOD
github.com,openrewrite/rewrite-concourse,main,org.openrewrite.concourse.ChangeValueTest,doNotReplaceOriginalParameterReferenceWhenParameterized,,METHOD,CALL,org.openrewrite.yaml.Assertions,yaml,java.lang.String,METHOD
github.com,openrewrite/rewrite-concourse,main,org.openrewrite.concourse.ChangeValueTest,handleMultipleLayersOfParameterRedirection,,METHOD,CALL,org.openrewrite.test.RewriteTest,rewriteRun,"java.util.function.Consumer<org.openrewrite.test.RecipeSpec>,org.openrewrite.test.SourceSpecs[]",METHOD
github.com,openrewrite/rewrite-concourse,main,org.openrewrite.concourse.ChangeValueTest,handleMultipleLayersOfParameterRedirection,,METHOD,CALL,org.openrewrite.test.RecipeSpec,recipe,org.openrewrite.Recipe,METHOD
github.com,openrewrite/rewrite-concourse,main,org.openrewrite.concourse.ChangeValueTest,handleMultipleLayersOfParameterRedirection,,METHOD,CALL,org.openrewrite.concourse.ChangeValue,<constructor>,"java.lang.String,java.lang.String,java.lang.String,java.lang.String",CONSTRUCTOR
github.com,openrewrite/rewrite-concourse,main,org.openrewrite.concourse.ChangeValueTest,handleMultipleLayersOfParameterRedirection,,METHOD,CALL,org.openrewrite.yaml.Assertions,yaml,java.lang.String,METHOD
github.com,openrewrite/rewrite-concourse,main,org.openrewrite.concourse.ChangeValueTest,handleMultipleLayersOfParameterRedirection,,METHOD,CALL,org.openrewrite.yaml.Assertions,yaml,"java.lang.String,java.lang.String",METHOD
github.com,openrewrite/rewrite-concourse,main,org.openrewrite.concourse.ChangeValueTest,breakInfiniteRecursion,,METHOD,CALL,org.openrewrite.test.RewriteTest,rewriteRun,"java.util.function.Consumer<org.openrewrite.test.RecipeSpec>,org.openrewrite.test.SourceSpecs[]",METHOD
github.com,openrewrite/rewrite-concourse,main,org.openrewrite.concourse.ChangeValueTest,breakInfiniteRecursion,,METHOD,CALL,org.openrewrite.test.RecipeSpec,recipe,org.openrewrite.Recipe,METHOD
github.com,openrewrite/rewrite-concourse,main,org.openrewrite.concourse.ChangeValueTest,breakInfiniteRecursion,,METHOD,CALL,org.openrewrite.concourse.ChangeValue,<constructor>,"java.lang.String,java.lang.String,java.lang.String,java.lang.String",CONSTRUCTOR
github.com,openrewrite/rewrite-concourse,main,org.openrewrite.concourse.ChangeValueTest,breakInfiniteRecursion,,METHOD,CALL,org.openrewrite.yaml.Assertions,yaml,java.lang.String,METHOD
github.com,openrewrite/rewrite-concourse,main,org.openrewrite.concourse.ChangeValueTest,doNothingIfPropertyKeyNotFound,,METHOD,CALL,org.openrewrite.test.RewriteTest,rewriteRun,"java.util.function.Consumer<org.openrewrite.test.RecipeSpec>,org.openrewrite.test.SourceSpecs[]",METHOD
github.com,openrewrite/rewrite-concourse,main,org.openrewrite.concourse.ChangeValueTest,doNothingIfPropertyKeyNotFound,,METHOD,CALL,org.openrewrite.test.RecipeSpec,recipe,org.openrewrite.Recipe,METHOD
github.com,openrewrite/rewrite-concourse,main,org.openrewrite.concourse.ChangeValueTest,doNothingIfPropertyKeyNotFound,,METHOD,CALL,org.openrewrite.concourse.ChangeValue,<constructor>,"java.lang.String,java.lang.String,java.lang.String,java.lang.String",CONSTRUCTOR
github.com,openrewrite/rewrite-concourse,main,org.openrewrite.concourse.ChangeValueTest,doNothingIfPropertyKeyNotFound,,METHOD,CALL,org.openrewrite.yaml.Assertions,yaml,java.lang.String,METHOD
github.com,openrewrite/rewrite-concourse,main,org.openrewrite.concourse.ChangeValueTest,oldURIAsEmpty,,METHOD,CALL,org.openrewrite.test.RewriteTest,rewriteRun,"java.util.function.Consumer<org.openrewrite.test.RecipeSpec>,org.openrewrite.test.SourceSpecs[]",METHOD
github.com,openrewrite/rewrite-concourse,main,org.openrewrite.concourse.ChangeValueTest,oldURIAsEmpty,,METHOD,CALL,org.openrewrite.test.RecipeSpec,recipe,org.openrewrite.Recipe,METHOD
github.com,openrewrite/rewrite-concourse,main,org.openrewrite.concourse.ChangeValueTest,oldURIAsEmpty,,METHOD,CALL,org.openrewrite.concourse.ChangeValue,<constructor>,"java.lang.String,java.lang.String,java.lang.String,java.lang.String",CONSTRUCTOR
github.com,openrewrite/rewrite-concourse,main,org.openrewrite.concourse.ChangeValueTest,oldURIAsEmpty,,METHOD,CALL,org.openrewrite.yaml.Assertions,yaml,"java.lang.String,java.lang.String",METHOD
github.com,openrewrite/rewrite-concourse,main,org.openrewrite.concourse.ChangeValueTest,oldURIAsRegex,,METHOD,CALL,org.openrewrite.test.RewriteTest,rewriteRun,"java.util.function.Consumer<org.openrewrite.test.RecipeSpec>,org.openrewrite.test.SourceSpecs[]",METHOD
github.com,openrewrite/rewrite-concourse,main,org.openrewrite.concourse.ChangeValueTest,oldURIAsRegex,,METHOD,CALL,org.openrewrite.test.RecipeSpec,recipe,org.openrewrite.Recipe,METHOD
github.com,openrewrite/rewrite-concourse,main,org.openrewrite.concourse.ChangeValueTest,oldURIAsRegex,,METHOD,CALL,org.openrewrite.concourse.ChangeValue,<constructor>,"java.lang.String,java.lang.String,java.lang.String,java.lang.String",CONSTRUCTOR
github.com,openrewrite/rewrite-concourse,main,org.openrewrite.concourse.ChangeValueTest,oldURIAsRegex,,METHOD,CALL,org.openrewrite.yaml.Assertions,yaml,"java.lang.String,java.lang.String",METHOD
github.com,openrewrite/rewrite-concourse,main,org.openrewrite.concourse.ChangeResourceVersionTest,pinVersion,,METHOD,CALL,org.openrewrite.test.RewriteTest,rewriteRun,"java.util.function.Consumer<org.openrewrite.test.RecipeSpec>,org.openrewrite.test.SourceSpecs[]",METHOD
github.com,openrewrite/rewrite-concourse,main,org.openrewrite.concourse.ChangeResourceVersionTest,pinVersion,,METHOD,CALL,org.openrewrite.test.RecipeSpec,recipe,org.openrewrite.Recipe,METHOD
github.com,openrewrite/rewrite-concourse,main,org.openrewrite.concourse.ChangeResourceVersionTest,pinVersion,,METHOD,CALL,org.openrewrite.concourse.ChangeResourceVersion,<constructor>,"java.lang.String,java.lang.String",CONSTRUCTOR
github.com,openrewrite/rewrite-concourse,main,org.openrewrite.concourse.ChangeResourceVersionTest,pinVersion,,METHOD,CALL,org.openrewrite.yaml.Assertions,yaml,"java.lang.String,java.lang.String",METHOD
github.com,openrewrite/rewrite-concourse,main,org.openrewrite.concourse.ChangeResourceVersionTest,unpinVersion,,METHOD,CALL,org.openrewrite.test.RewriteTest,rewriteRun,"java.util.function.Consumer<org.openrewrite.test.RecipeSpec>,org.openrewrite.test.SourceSpecs[]",METHOD
github.com,openrewrite/rewrite-concourse,main,org.openrewrite.concourse.ChangeResourceVersionTest,unpinVersion,,METHOD,CALL,org.openrewrite.test.RecipeSpec,recipe,org.openrewrite.Recipe,METHOD
github.com,openrewrite/rewrite-concourse,main,org.openrewrite.concourse.ChangeResourceVersionTest,unpinVersion,,METHOD,CALL,org.openrewrite.concourse.ChangeResourceVersion,<constructor>,"java.lang.String,java.lang.String",CONSTRUCTOR
github.com,openrewrite/rewrite-concourse,main,org.openrewrite.concourse.ChangeResourceVersionTest,unpinVersion,,METHOD,CALL,org.openrewrite.yaml.Assertions,yaml,"java.lang.String,java.lang.String",METHOD
github.com,openrewrite/rewrite-concourse,main,org.openrewrite.concourse.FindResourceTest,concourseResource,,METHOD,CALL,org.openrewrite.test.RewriteTest,rewriteRun,"java.util.function.Consumer<org.openrewrite.test.RecipeSpec>,org.openrewrite.test.SourceSpecs[]",METHOD
github.com,openrewrite/rewrite-concourse,main,org.openrewrite.concourse.FindResourceTest,concourseResource,,METHOD,CALL,org.openrewrite.test.RecipeSpec,recipe,org.openrewrite.Recipe,METHOD
github.com,openrewrite/rewrite-concourse,main,org.openrewrite.concourse.FindResourceTest,concourseResource,,METHOD,CALL,org.openrewrite.concourse.FindResource,<constructor>,java.lang.String,CONSTRUCTOR
github.com,openrewrite/rewrite-concourse,main,org.openrewrite.concourse.FindResourceTest,concourseResource,,METHOD,CALL,org.openrewrite.yaml.Assertions,yaml,"java.lang.String,java.lang.String",METHOD
github.com,openrewrite/rewrite-concourse,main,org.openrewrite.concourse.search.FindPinnedResourceTest,findPinnedVersion,,METHOD,CALL,org.openrewrite.test.RewriteTest,rewriteRun,"java.util.function.Consumer<org.openrewrite.test.RecipeSpec>,org.openrewrite.test.SourceSpecs[]",METHOD
github.com,openrewrite/rewrite-concourse,main,org.openrewrite.concourse.search.FindPinnedResourceTest,findPinnedVersion,,METHOD,CALL,org.openrewrite.test.RecipeSpec,recipe,org.openrewrite.Recipe,METHOD
github.com,openrewrite/rewrite-concourse,main,org.openrewrite.concourse.search.FindPinnedResourceTest,findPinnedVersion,,METHOD,CALL,org.openrewrite.concourse.search.FindPinnedResource,<constructor>,java.lang.String,CONSTRUCTOR
github.com,openrewrite/rewrite-concourse,main,org.openrewrite.concourse.search.FindPinnedResourceTest,findPinnedVersion,,METHOD,CALL,org.openrewrite.yaml.Assertions,yaml,"java.lang.String,java.lang.String",METHOD
github.com,openrewrite/rewrite-concourse,main,org.openrewrite.concourse.search.FindPinnedResourceTest,findPinnedVersionForAnyResource,,METHOD,CALL,org.openrewrite.test.RewriteTest,rewriteRun,"java.util.function.Consumer<org.openrewrite.test.RecipeSpec>,org.openrewrite.test.SourceSpecs[]",METHOD
github.com,openrewrite/rewrite-concourse,main,org.openrewrite.concourse.search.FindPinnedResourceTest,findPinnedVersionForAnyResource,,METHOD,CALL,org.openrewrite.test.RecipeSpec,recipe,org.openrewrite.Recipe,METHOD
github.com,openrewrite/rewrite-concourse,main,org.openrewrite.concourse.search.FindPinnedResourceTest,findPinnedVersionForAnyResource,,METHOD,CALL,org.openrewrite.concourse.search.FindPinnedResource,<constructor>,java.lang.String,CONSTRUCTOR
github.com,openrewrite/rewrite-concourse,main,org.openrewrite.concourse.search.FindPinnedResourceTest,findPinnedVersionForAnyResource,,METHOD,CALL,org.openrewrite.yaml.Assertions,yaml,"java.lang.String,java.lang.String",METHOD
