repositoryOrigin,repositoryPath,repositoryBranch,scmType,repositoryLink,name,requestedVersion,version
github.com,chartist-js/chartist,main,GITHUB,"https://github.com/chartist-js/chartist/blob/main",faker,^5.5.3,
github.com,pouchdb/pouchdb,master,GITHUB,"https://github.com/pouchdb/pouchdb/blob/master",uuid,8.3.2,
github.com,"jonschlinkert/gray-matter",master,GITHUB,"https://github.com/jonschlinkert/gray-matter/blob/master",js-yaml,^3.13.1,
github.com,sahat/hackathon-starter,master,GITHUB,"https://github.com/sahat/hackathon-starter/blob/master",lodash,^4.17.21,4.17.21
github.com,async-labs/builderbook,master,GITHUB,"https://github.com/async-labs/builderbook/blob/master",lodash,^4.17.21,
github.com,async-labs/builderbook,master,GITHUB,"https://github.com/async-labs/builderbook/blob/master",lodash,^4.17.21,
github.com,async-labs/builderbook,master,GITHUB,"https://github.com/async-labs/builderbook/blob/master",lodash,^4.17.21,
github.com,async-labs/builderbook,master,GITHUB,"https://github.com/async-labs/builderbook/blob/master",lodash,^4.17.21,
github.com,async-labs/builderbook,master,GITHUB,"https://github.com/async-labs/builderbook/blob/master",lodash,^4.17.21,
github.com,async-labs/builderbook,master,GITHUB,"https://github.com/async-labs/builderbook/blob/master",lodash,^4.17.21,
github.com,async-labs/builderbook,master,GITHUB,"https://github.com/async-labs/builderbook/blob/master",lodash,^4.17.21,
github.com,async-labs/builderbook,master,GITHUB,"https://github.com/async-labs/builderbook/blob/master",lodash,^4.17.21,
github.com,async-labs/builderbook,master,GITHUB,"https://github.com/async-labs/builderbook/blob/master",lodash,^4.17.21,
github.com,async-labs/builderbook,master,GITHUB,"https://github.com/async-labs/builderbook/blob/master",lodash,^4.17.21,
github.com,async-labs/builderbook,master,GITHUB,"https://github.com/async-labs/builderbook/blob/master",lodash,^4.17.21,
github.com,async-labs/builderbook,master,GITHUB,"https://github.com/async-labs/builderbook/blob/master",lodash,^4.17.21,
github.com,async-labs/builderbook,master,GITHUB,"https://github.com/async-labs/builderbook/blob/master",lodash,^4.17.21,
github.com,async-labs/builderbook,master,GITHUB,"https://github.com/async-labs/builderbook/blob/master",lodash,^4.17.21,
github.com,async-labs/builderbook,master,GITHUB,"https://github.com/async-labs/builderbook/blob/master",lodash,^4.17.21,
github.com,async-labs/builderbook,master,GITHUB,"https://github.com/async-labs/builderbook/blob/master",lodash,^4.17.21,
github.com,clientIO/joint,master,GITHUB,"https://github.com/clientIO/joint/blob/master",lodash,~4.17.21,
github.com,Bowen7/regex-vis,master,GITHUB,"https://github.com/Bowen7/regex-vis/blob/master",nanoid,^3.1.16,
github.com,jacomyal/sigma.js,main,GITHUB,"https://github.com/jacomyal/sigma.js/blob/main",uuid,^9.0.1,
github.com,qeeqbox/social-analyzer,main,GITHUB,"https://github.com/qeeqbox/social-analyzer/blob/main",lodash,>=4.17.21,4.17.21
github.com,dexie/Dexie.js,master,GITHUB,"https://github.com/dexie/Dexie.js/blob/master",rxjs,^7.x,
github.com,dexie/Dexie.js,master,GITHUB,"https://github.com/dexie/Dexie.js/blob/master",rxjs,^6.6.6,
github.com,ritz078/transform,master,GITHUB,"https://github.com/ritz078/transform/blob/master",lodash,^4.17.21,
github.com,shinework/photoshot,main,GITHUB,"https://github.com/shinework/photoshot/blob/main",date-fns,^2.29.3,
github.com,"streamlink/streamlink-twitch-gui",master,GITHUB,"https://github.com/streamlink/streamlink-twitch-gui/blob/master",lodash,4.17.21,
github.com,prettier/prettier,main,GITHUB,"https://github.com/prettier/prettier/blob/main",js-yaml,4.1.0,
github.com,prettier/prettier,main,GITHUB,"https://github.com/prettier/prettier/blob/main",js-yaml,4.1.0,
github.com,jaredpalmer/razzle,master,GITHUB,"https://github.com/jaredpalmer/razzle/blob/master",date-fns,^2.16.1,
github.com,uncss/uncss,master,GITHUB,"https://github.com/uncss/uncss/blob/master",lodash,^4.17.21,4.17.21
github.com,feathersjs/feathers,dove,GITHUB,"https://github.com/feathersjs/feathers/blob/dove",rxjs,^7.8.1,
github.com,alibaba/ice,master,GITHUB,"https://github.com/alibaba/ice/blob/master",lodash,4.17.21,
github.com,theintern/intern,master,GITHUB,"https://github.com/theintern/intern/blob/master",lodash,~4.17.15,4.17.21
github.com,gvergnaud/ts-pattern,main,GITHUB,"https://github.com/gvergnaud/ts-pattern/blob/main",lodash,^4.17.21,
github.com,cteamx/Thief,master,GITHUB,"https://github.com/cteamx/Thief/blob/master",axios,^0.18.0,
github.com,makenotion/notion-sdk-js,main,GITHUB,"https://github.com/makenotion/notion-sdk-js/blob/main",lodash,^4.17.21,
github.com,makenotion/notion-sdk-js,main,GITHUB,"https://github.com/makenotion/notion-sdk-js/blob/main",lodash,^4.17.21,
github.com,makenotion/notion-sdk-js,main,GITHUB,"https://github.com/makenotion/notion-sdk-js/blob/main",lodash,^4.17.21,
github.com,thelounge/thelounge,master,GITHUB,"https://github.com/thelounge/thelounge/blob/master",uuid,8.3.2,
github.com,tsparticles/tsparticles,main,GITHUB,"https://github.com/tsparticles/tsparticles/blob/main",lodash,^4.17.21,
github.com,shen100/mili,master,GITHUB,"https://github.com/shen100/mili/blob/master",rxjs,^6.3.3,
github.com,requarks/wiki,main,GITHUB,"https://github.com/requarks/wiki/blob/main",uuid,9.0.0,
github.com,websockets/ws,master,GITHUB,"https://github.com/websockets/ws/blob/master",uuid,^8.3.2,
github.com,drizzle-team/drizzle-orm,main,GITHUB,"https://github.com/drizzle-team/drizzle-orm/blob/main",uuid,^9.0.1,
github.com,drizzle-team/drizzle-orm,main,GITHUB,"https://github.com/drizzle-team/drizzle-orm/blob/main",uuid,^9.0.0,
github.com,coollabsio/coolify,main,GITHUB,"https://github.com/coollabsio/coolify/blob/main",axios,1.7.2,1.7.2
github.com,"microsoft/botframework-sdk",main,GITHUB,"https://github.com/microsoft/botframework-sdk/blob/main",uuid,^3.3.3,
github.com,"piotrwitek/react-redux-typescript-guide",master,GITHUB,"https://github.com/piotrwitek/react-redux-typescript-guide/blob/master",axios,0.26.1,0.26.1
github.com,juliencrn/usehooks-ts,master,GITHUB,"https://github.com/juliencrn/usehooks-ts/blob/master",date-fns,^3.3.1,
github.com,juliencrn/usehooks-ts,master,GITHUB,"https://github.com/juliencrn/usehooks-ts/blob/master",date-fns,^3.3.1,
github.com,Shpota/goxygen,main,GITHUB,"https://github.com/Shpota/goxygen/blob/main",axios,~1.2.1,
github.com,Shpota/goxygen,main,GITHUB,"https://github.com/Shpota/goxygen/blob/main",axios,^1.4.0,
github.com,artilleryio/artillery,main,GITHUB,"https://github.com/artilleryio/artillery/blob/main",faker,^5.5.3,
github.com,hexojs/hexo,master,GITHUB,"https://github.com/hexojs/hexo/blob/master",js-yaml,^4.1.0,
github.com,leon-ai/leon,develop,GITHUB,"https://github.com/leon-ai/leon/blob/develop",lodash,4.17.21,
github.com,discordjs/discord.js,main,GITHUB,"https://github.com/discordjs/discord.js/blob/main",lodash,~4.17.15,
github.com,chartjs/Chart.js,master,GITHUB,"https://github.com/chartjs/Chart.js/blob/master",moment,^2.29.4,
github.com,apostrophecms/apostrophe,main,GITHUB,"https://github.com/apostrophecms/apostrophe/blob/main",lodash,^4.17.21,
github.com,slackapi/node-slack-sdk,main,GITHUB,"https://github.com/slackapi/node-slack-sdk/blob/main",uuid,^8.3.2,
github.com,slackapi/node-slack-sdk,main,GITHUB,"https://github.com/slackapi/node-slack-sdk/blob/main",uuid,^8.3.2,
github.com,linnovate/mean,master,GITHUB,"https://github.com/linnovate/mean/blob/master",rxjs,^7.4.0,
github.com,vbenjs/vue-vben-admin,main,GITHUB,"https://github.com/vbenjs/vue-vben-admin/blob/main",axios,^1.7.3,
github.com,ardatan/graphql-tools,master,GITHUB,"https://github.com/ardatan/graphql-tools/blob/master",lodash,^4.17.20,
github.com,ardatan/graphql-tools,master,GITHUB,"https://github.com/ardatan/graphql-tools/blob/master",lodash,4.17.21,
github.com,faker-js/faker,next,GITHUB,"https://github.com/faker-js/faker/blob/next",validator,13.12.0,
github.com,pump-io/pump.io,master,GITHUB,"https://github.com/pump-io/pump.io/blob/master",uuid,^3.0.0,
github.com,"javascript-obfuscator/javascript-obfuscator",master,GITHUB,"https://github.com/javascript-obfuscator/javascript-obfuscator/blob/master",chance,1.1.9,
github.com,tumobi/nideshop,master,GITHUB,"https://github.com/tumobi/nideshop/blob/master",lodash,^4.17.4,
github.com,wasp-lang/wasp,main,GITHUB,"https://github.com/wasp-lang/wasp/blob/main",axios,^1.4.0,
github.com,wasp-lang/wasp,main,GITHUB,"https://github.com/wasp-lang/wasp/blob/main",axios,^1.4.0,
github.com,MauriceNino/dashdot,main,GITHUB,"https://github.com/MauriceNino/dashdot/blob/main",axios,1.6.5,
github.com,tremorlabs/tremor,main,GITHUB,"https://github.com/tremorlabs/tremor/blob/main",date-fns,^3.6.0,
github.com,"zalmoxisus/redux-devtools-extension",master,GITHUB,"https://github.com/zalmoxisus/redux-devtools-extension/blob/master",lodash,^4.17.2,
github.com,akveo/nebular,master,GITHUB,"https://github.com/akveo/nebular/blob/master",date-fns,^2.0.0,2.30.0
github.com,akveo/nebular,master,GITHUB,"https://github.com/akveo/nebular/blob/master",date-fns,^2.25.0,2.30.0
github.com,un-pany/v3-admin-vite,main,GITHUB,"https://github.com/un-pany/v3-admin-vite/blob/main",dayjs,1.11.11,
github.com,szimek/sharedrop,master,GITHUB,"https://github.com/szimek/sharedrop/blob/master",lodash,^4.17.20,
github.com,Cveinnt/LiveTerm,main,GITHUB,"https://github.com/Cveinnt/LiveTerm/blob/main",axios,^0.27.2,
github.com,"type-challenges/type-challenges",main,GITHUB,"https://github.com/type-challenges/type-challenges/blob/main",js-yaml,^4.1.0,
github.com,"type-challenges/type-challenges",main,GITHUB,"https://github.com/type-challenges/type-challenges/blob/main",js-yaml,^4.1.0,
github.com,mermaid-js/mermaid,develop,GITHUB,"https://github.com/mermaid-js/mermaid/blob/develop",js-yaml,^4.1.0,
github.com,ianstormtaylor/slate,main,GITHUB,"https://github.com/ianstormtaylor/slate/blob/main",lodash,^4.17.21,
github.com,ianstormtaylor/slate,main,GITHUB,"https://github.com/ianstormtaylor/slate/blob/main",lodash,^4.17.21,
github.com,ianstormtaylor/slate,main,GITHUB,"https://github.com/ianstormtaylor/slate/blob/main",lodash,^4.17.21,
github.com,ianstormtaylor/slate,main,GITHUB,"https://github.com/ianstormtaylor/slate/blob/main",lodash,^4.17.21,
github.com,chartbrew/chartbrew,master,GITHUB,"https://github.com/chartbrew/chartbrew/blob/master",lodash,^4.17.20,4.17.21
github.com,chartbrew/chartbrew,master,GITHUB,"https://github.com/chartbrew/chartbrew/blob/master",lodash,^4.17.20,4.17.21
github.com,dolanmiu/docx,master,GITHUB,"https://github.com/dolanmiu/docx/blob/master",nanoid,^5.0.4,5.0.4
github.com,keeweb/keeweb,master,GITHUB,"https://github.com/keeweb/keeweb/blob/master",lodash,^4.17.21,4.17.21
github.com,"vuestorefront/vue-storefront",main,GITHUB,"https://github.com/vuestorefront/vue-storefront/blob/main",axios,^0.27.2,
github.com,"vuestorefront/vue-storefront",main,GITHUB,"https://github.com/vuestorefront/vue-storefront/blob/main",axios,^1.6.7,
github.com,OpenSignLabs/OpenSign,staging,GITHUB,"https://github.com/OpenSignLabs/OpenSign/blob/staging",moment,^2.30.1,
github.com,actionhero/actionhero,main,GITHUB,"https://github.com/actionhero/actionhero/blob/main",uuid,^10.0.0,10.0.0
github.com,adrai/flowchart.js,master,GITHUB,"https://github.com/adrai/flowchart.js/blob/master",lodash,>=0.2.1,
github.com,heyxyz/hey,main,GITHUB,"https://github.com/heyxyz/hey/blob/main",uuid,^10.0.0,
github.com,heyxyz/hey,main,GITHUB,"https://github.com/heyxyz/hey/blob/main",uuid,^10.0.0,
github.com,sindresorhus/caprine,main,GITHUB,"https://github.com/sindresorhus/caprine/blob/main",lodash,^4.17.21,4.17.21
github.com,OptimalBits/bull,develop,GITHUB,"https://github.com/OptimalBits/bull/blob/develop",lodash,^4.17.21,
github.com,Shopify/polaris,main,GITHUB,"https://github.com/Shopify/polaris/blob/main",js-yaml,^4.1.0,4.1.0
github.com,Shopify/polaris,main,GITHUB,"https://github.com/Shopify/polaris/blob/main",js-yaml,^4.1.0,4.1.0
github.com,Shopify/polaris,main,GITHUB,"https://github.com/Shopify/polaris/blob/main",js-yaml,^4.0.0,4.1.0
github.com,Shopify/polaris,main,GITHUB,"https://github.com/Shopify/polaris/blob/main",js-yaml,^4.1.0,4.1.0
github.com,lyswhut/lx-music-desktop,master,GITHUB,"https://github.com/lyswhut/lx-music-desktop/blob/master",crypto-js,^4.2.0,4.2.0
github.com,"react-grid-layout/react-grid-layout",master,GITHUB,"https://github.com/react-grid-layout/react-grid-layout/blob/master",lodash,^4.17.21,
github.com,Unitech/pm2,master,GITHUB,"https://github.com/Unitech/pm2/blob/master",js-yaml,~4.1.0,4.1.0
github.com,"getsentry/sentry-javascript",develop,GITHUB,"https://github.com/getsentry/sentry-javascript/blob/develop",rxjs,^7.8.1,
github.com,"getsentry/sentry-javascript",develop,GITHUB,"https://github.com/getsentry/sentry-javascript/blob/develop",rxjs,^7.8.1,
github.com,"getsentry/sentry-javascript",develop,GITHUB,"https://github.com/getsentry/sentry-javascript/blob/develop",rxjs,^7.8.1,
github.com,"getsentry/sentry-javascript",develop,GITHUB,"https://github.com/getsentry/sentry-javascript/blob/develop",rxjs,~7.8.0,
github.com,"getsentry/sentry-javascript",develop,GITHUB,"https://github.com/getsentry/sentry-javascript/blob/develop",rxjs,~7.8.0,
github.com,"getsentry/sentry-javascript",develop,GITHUB,"https://github.com/getsentry/sentry-javascript/blob/develop",rxjs,7.8.1,
github.com,"getsentry/sentry-javascript",develop,GITHUB,"https://github.com/getsentry/sentry-javascript/blob/develop",rxjs,^7.8.1,
github.com,"getsentry/sentry-javascript",develop,GITHUB,"https://github.com/getsentry/sentry-javascript/blob/develop",rxjs,^7.8.1,
github.com,"getsentry/sentry-javascript",develop,GITHUB,"https://github.com/getsentry/sentry-javascript/blob/develop",rxjs,^7.8.1,
github.com,Soundnode/soundnode-app,master,GITHUB,"https://github.com/Soundnode/soundnode-app/blob/master",lodash,^4.17.4,
github.com,"snapappointments/bootstrap-select",main,GITHUB,"https://github.com/snapappointments/bootstrap-select/blob/main",uuid,^8.3.2,8.3.2
github.com,"illuspas/Node-Media-Server",master,GITHUB,"https://github.com/illuspas/Node-Media-Server/blob/master",lodash,^4.17.21,4.17.21
github.com,evanw/esbuild,main,GITHUB,"https://github.com/evanw/esbuild/blob/main",js-yaml,3.14.0,
github.com,electron/electron,main,GITHUB,"https://github.com/electron/electron/blob/main",uuid,^3.3.3,
github.com,"pattern-lab/patternlab-node",dev,GITHUB,"https://github.com/pattern-lab/patternlab-node/blob/dev",js-yaml,4.1.0,
github.com,colyseus/colyseus,master,GITHUB,"https://github.com/colyseus/colyseus/blob/master",nanoid,^2.0.0,
github.com,crawlab-team/artipub,master,GITHUB,"https://github.com/crawlab-team/artipub/blob/master",lodash,^4.17.11,
github.com,brookshi/Hitchhiker,master,GITHUB,"https://github.com/brookshi/Hitchhiker/blob/master",lodash,^4.17.4,
github.com,"xiaozhu188/electron-vue-cloud-music",master,GITHUB,"https://github.com/xiaozhu188/electron-vue-cloud-music/blob/master",deepmerge,^4.2.2,
github.com,apache/incubator-answer,main,GITHUB,"https://github.com/apache/incubator-answer/blob/main",axios,^0.28.1,
github.com,jsdom/jsdom,main,GITHUB,"https://github.com/jsdom/jsdom/blob/main",js-yaml,^4.1.0,4.1.0
github.com,facebook/docusaurus,main,GITHUB,"https://github.com/facebook/docusaurus/blob/main",lodash,^4.17.21,
github.com,facebook/docusaurus,main,GITHUB,"https://github.com/facebook/docusaurus/blob/main",lodash,^4.17.21,
github.com,facebook/docusaurus,main,GITHUB,"https://github.com/facebook/docusaurus/blob/main",lodash,^4.17.21,
github.com,facebook/docusaurus,main,GITHUB,"https://github.com/facebook/docusaurus/blob/main",lodash,^4.17.21,
github.com,facebook/docusaurus,main,GITHUB,"https://github.com/facebook/docusaurus/blob/main",lodash,^4.17.21,
github.com,facebook/docusaurus,main,GITHUB,"https://github.com/facebook/docusaurus/blob/main",lodash,^4.17.21,
github.com,facebook/docusaurus,main,GITHUB,"https://github.com/facebook/docusaurus/blob/main",lodash,^4.17.21,
github.com,facebook/docusaurus,main,GITHUB,"https://github.com/facebook/docusaurus/blob/main",lodash,^4.17.21,
github.com,facebook/docusaurus,main,GITHUB,"https://github.com/facebook/docusaurus/blob/main",lodash,^4.17.21,
github.com,facebook/docusaurus,main,GITHUB,"https://github.com/facebook/docusaurus/blob/main",lodash,^4.17.21,
github.com,facebook/docusaurus,main,GITHUB,"https://github.com/facebook/docusaurus/blob/main",lodash,^4.17.21,
github.com,facebook/docusaurus,main,GITHUB,"https://github.com/facebook/docusaurus/blob/main",lodash,^4.17.21,
github.com,VSCodeVim/Vim,master,GITHUB,"https://github.com/VSCodeVim/Vim/blob/master",lodash,^4.17.21,
github.com,chenshenhai/koa2-note,master,GITHUB,"https://github.com/chenshenhai/koa2-note/blob/master",validator,^6.2.0,
github.com,wulkano/Kap,main,GITHUB,"https://github.com/wulkano/Kap/blob/main",lodash,^4.17.21,
github.com,PatrickJS/MFE-starter,master,GITHUB,"https://github.com/PatrickJS/MFE-starter/blob/master",rxjs,^6.2.1,
github.com,axios/axios,v1.x,GITHUB,"https://github.com/axios/axios/blob/v1.x",axios,file:../../..,
github.com,axios/axios,v1.x,GITHUB,"https://github.com/axios/axios/blob/v1.x",axios,file:../../..,
github.com,axios/axios,v1.x,GITHUB,"https://github.com/axios/axios/blob/v1.x",axios,file:../../..,
github.com,axios/axios,v1.x,GITHUB,"https://github.com/axios/axios/blob/v1.x",axios,file:../../..,
github.com,axios/axios,v1.x,GITHUB,"https://github.com/axios/axios/blob/v1.x",axios,file:../../..,
github.com,axios/axios,v1.x,GITHUB,"https://github.com/axios/axios/blob/v1.x",axios,file:../../../..,
github.com,axios/axios,v1.x,GITHUB,"https://github.com/axios/axios/blob/v1.x",axios,file:../../../..,
github.com,nhn/tui.calendar,main,GITHUB,"https://github.com/nhn/tui.calendar/blob/main",chance,^1.1.8,
github.com,linkwarden/linkwarden,main,GITHUB,"https://github.com/linkwarden/linkwarden/blob/main",axios,^1.5.1,
github.com,dubzzz/fast-check,main,GITHUB,"https://github.com/dubzzz/fast-check/blob/main",lodash,^4.17.21,
github.com,alibaba/pont,master,GITHUB,"https://github.com/alibaba/pont/blob/master",lodash,^4.17.5,
github.com,shadcn-ui/taxonomy,main,GITHUB,"https://github.com/shadcn-ui/taxonomy/blob/main",date-fns,^2.29.3,
github.com,jessepollak/card,master,GITHUB,"https://github.com/jessepollak/card/blob/master",underscore,^1.12.1,1.13.6
github.com,"ArekSredzki/electron-release-server",master,GITHUB,"https://github.com/ArekSredzki/electron-release-server/blob/master",lodash,^4.17.21,4.17.21
github.com,varletjs/varlet,dev,GITHUB,"https://github.com/varletjs/varlet/blob/dev",dayjs,^1.10.4,
github.com,PlasmoHQ/plasmo,main,GITHUB,"https://github.com/PlasmoHQ/plasmo/blob/main",nanoid,5.0.3,
github.com,hop-protocol/hop,develop,GITHUB,"https://github.com/hop-protocol/hop/blob/develop",lodash,4.17.21,
github.com,hop-protocol/hop,develop,GITHUB,"https://github.com/hop-protocol/hop/blob/develop",lodash,4.17.21,
github.com,hop-protocol/hop,develop,GITHUB,"https://github.com/hop-protocol/hop/blob/develop",lodash,4.17.21,
github.com,hop-protocol/hop,develop,GITHUB,"https://github.com/hop-protocol/hop/blob/develop",lodash,4.17.21,
github.com,hop-protocol/hop,develop,GITHUB,"https://github.com/hop-protocol/hop/blob/develop",lodash,4.17.21,
github.com,"you-dont-need/You-Dont-Need-Lodash-Underscore",master,GITHUB,"https://github.com/you-dont-need/You-Dont-Need-Lodash-Underscore/blob/master",lodash,^4.17.4,4.17.21
github.com,"maximegris/angular-electron",main,GITHUB,"https://github.com/maximegris/angular-electron/blob/main",rxjs,7.8.1,7.8.1
github.com,ksky521/nodeppt,master,GITHUB,"https://github.com/ksky521/nodeppt/blob/master",js-yaml,^3.12.1,
github.com,nightwatchjs/nightwatch,main,GITHUB,"https://github.com/nightwatchjs/nightwatch/blob/main",uuid,8.3.2,8.3.2
github.com,ant-design/ant-design,master,GITHUB,"https://github.com/ant-design/ant-design/blob/master",dayjs,^1.11.11,
github.com,huggingface/chat-ui,main,GITHUB,"https://github.com/huggingface/chat-ui/blob/main",uuid,^9.0.1,9.0.1
github.com,tulios/kafkajs,master,GITHUB,"https://github.com/tulios/kafkajs/blob/master",uuid,^3.3.2,
github.com,payloadcms/payload,main,GITHUB,"https://github.com/payloadcms/payload/blob/main",uuid,^9.0.0,
github.com,payloadcms/payload,main,GITHUB,"https://github.com/payloadcms/payload/blob/main",uuid,^9.0.1,
github.com,payloadcms/payload,main,GITHUB,"https://github.com/payloadcms/payload/blob/main",uuid,9.0.0,
github.com,payloadcms/payload,main,GITHUB,"https://github.com/payloadcms/payload/blob/main",uuid,9.0.0,
github.com,payloadcms/payload,main,GITHUB,"https://github.com/payloadcms/payload/blob/main",uuid,9.0.1,
github.com,vvo/gifify,master,GITHUB,"https://github.com/vvo/gifify/blob/master",moment,^2.17.1,
github.com,"hagopj13/node-express-boilerplate",master,GITHUB,"https://github.com/hagopj13/node-express-boilerplate/blob/master",validator,^13.0.0,
github.com,"projectstorm/react-diagrams",master,GITHUB,"https://github.com/projectstorm/react-diagrams/blob/master",lodash,^4.17.21,
github.com,"projectstorm/react-diagrams",master,GITHUB,"https://github.com/projectstorm/react-diagrams/blob/master",lodash,^4.17.21,
github.com,"projectstorm/react-diagrams",master,GITHUB,"https://github.com/projectstorm/react-diagrams/blob/master",lodash,^4.17.21,
github.com,"projectstorm/react-diagrams",master,GITHUB,"https://github.com/projectstorm/react-diagrams/blob/master",lodash,^4.17.21,
github.com,"projectstorm/react-diagrams",master,GITHUB,"https://github.com/projectstorm/react-diagrams/blob/master",lodash,^4.17.21,
github.com,"projectstorm/react-diagrams",master,GITHUB,"https://github.com/projectstorm/react-diagrams/blob/master",lodash,^4.17.21,
github.com,reactjs/react.dev,main,GITHUB,"https://github.com/reactjs/react.dev/blob/main",date-fns,^2.16.1,
github.com,ijjk/notion-blog,main,GITHUB,"https://github.com/ijjk/notion-blog/blob/main",uuid,8.1.0,
github.com,enquirer/enquirer,master,GITHUB,"https://github.com/enquirer/enquirer/blob/master",axios,^0.19.0,
github.com,"multiprocessio/datastation",main,GITHUB,"https://github.com/multiprocessio/datastation/blob/main",date-fns,^2.28.0,
github.com,marblejs/marble,master,GITHUB,"https://github.com/marblejs/marble/blob/master",uuid,^7.0.1,
github.com,marblejs/marble,master,GITHUB,"https://github.com/marblejs/marble/blob/master",uuid,^7.0.1,
github.com,FuelLabs/fuels-ts,master,GITHUB,"https://github.com/FuelLabs/fuels-ts/blob/master",uuid,^10.0.0,
github.com,"Huachao/vscode-restclient",master,GITHUB,"https://github.com/Huachao/vscode-restclient/blob/master",uuid,^3.3.2,3.4.0
github.com,typegoose/typegoose,master,GITHUB,"https://github.com/typegoose/typegoose/blob/master",lodash,^4.17.20,
github.com,fonoster/fonoster,main,GITHUB,"https://github.com/fonoster/fonoster/blob/main",uuid,^8.3.2,
github.com,raidendotai/openv0,main,GITHUB,"https://github.com/raidendotai/openv0/blob/main",date-fns,^2.30.0,2.30.0
github.com,raidendotai/openv0,main,GITHUB,"https://github.com/raidendotai/openv0/blob/main",date-fns,^2.30.0,2.30.0
github.com,raidendotai/openv0,main,GITHUB,"https://github.com/raidendotai/openv0/blob/main",date-fns,^2.30.0,2.30.0
github.com,raidendotai/openv0,main,GITHUB,"https://github.com/raidendotai/openv0/blob/main",date-fns,^2.30.0,2.30.0
github.com,raidendotai/openv0,main,GITHUB,"https://github.com/raidendotai/openv0/blob/main",date-fns,^2.30.0,2.30.0
github.com,searchkit/searchkit,main,GITHUB,"https://github.com/searchkit/searchkit/blob/main",deepmerge,^4.2.2,
github.com,epicmaxco/vuestic-ui,develop,GITHUB,"https://github.com/epicmaxco/vuestic-ui/blob/develop",lodash,^4.17.21,
github.com,epicmaxco/vuestic-ui,develop,GITHUB,"https://github.com/epicmaxco/vuestic-ui/blob/develop",lodash,^4.17.21,
github.com,"danielfsousa/express-rest-boilerplate",main,GITHUB,"https://github.com/danielfsousa/express-rest-boilerplate/blob/main",uuid,^3.1.0,
github.com,alyssaxuu/screenity,master,GITHUB,"https://github.com/alyssaxuu/screenity/blob/master",axios,^1.6.2,1.6.2
github.com,SoftwareBrothers/adminjs,master,GITHUB,"https://github.com/SoftwareBrothers/adminjs/blob/master",uuid,^9.0.0,
github.com,alibaba/x-render,master,GITHUB,"https://github.com/alibaba/x-render/blob/master",dayjs,^1.11.7,
github.com,alibaba/x-render,master,GITHUB,"https://github.com/alibaba/x-render/blob/master",dayjs,^1.11.7,
github.com,alibaba/x-render,master,GITHUB,"https://github.com/alibaba/x-render/blob/master",dayjs,^1.11.7,
github.com,alibaba/x-render,master,GITHUB,"https://github.com/alibaba/x-render/blob/master",dayjs,^1.11.7,
github.com,codex-team/editor.js,next,GITHUB,"https://github.com/codex-team/editor.js/blob/next",nanoid,^4.0.2,
github.com,TypeStrong/ts-node,main,GITHUB,"https://github.com/TypeStrong/ts-node/blob/main",axios,^0.21.1,
github.com,tapexyz/tape,main,GITHUB,"https://github.com/tapexyz/tape/blob/main",axios,^1.7.3,
github.com,tapexyz/tape,main,GITHUB,"https://github.com/tapexyz/tape/blob/main",axios,^1.7.3,
github.com,tapexyz/tape,main,GITHUB,"https://github.com/tapexyz/tape/blob/main",axios,^1.7.3,
github.com,async-labs/saas,master,GITHUB,"https://github.com/async-labs/saas/blob/master",moment,^2.29.4,
github.com,async-labs/saas,master,GITHUB,"https://github.com/async-labs/saas/blob/master",moment,^2.29.4,
github.com,async-labs/saas,master,GITHUB,"https://github.com/async-labs/saas/blob/master",moment,^2.29.4,
github.com,async-labs/saas,master,GITHUB,"https://github.com/async-labs/saas/blob/master",moment,^2.29.4,
github.com,async-labs/saas,master,GITHUB,"https://github.com/async-labs/saas/blob/master",moment,^2.29.4,
github.com,async-labs/saas,master,GITHUB,"https://github.com/async-labs/saas/blob/master",moment,^2.29.4,
github.com,async-labs/saas,master,GITHUB,"https://github.com/async-labs/saas/blob/master",moment,^2.29.1,
github.com,async-labs/saas,master,GITHUB,"https://github.com/async-labs/saas/blob/master",moment,^2.29.4,
github.com,mixn/carbon-now-cli,master,GITHUB,"https://github.com/mixn/carbon-now-cli/blob/master",nanoid,^3.3.6,3.3.6
github.com,"reactioncommerce/reaction",trunk,GITHUB,"https://github.com/reactioncommerce/reaction/blob/trunk",ramda,^0.28.0,
github.com,"reactioncommerce/reaction",trunk,GITHUB,"https://github.com/reactioncommerce/reaction/blob/trunk",ramda,^0.28.0,
github.com,"reactioncommerce/reaction",trunk,GITHUB,"https://github.com/reactioncommerce/reaction/blob/trunk",ramda,^0.28.0,
github.com,"reactioncommerce/reaction",trunk,GITHUB,"https://github.com/reactioncommerce/reaction/blob/trunk",ramda,^0.28.0,
github.com,Blazity/next-enterprise,main,GITHUB,"https://github.com/Blazity/next-enterprise/blob/main",lodash,^4.17.21,
github.com,Zettlr/Zettlr,develop,GITHUB,"https://github.com/Zettlr/Zettlr/blob/develop",lodash,^4.17.21,
github.com,vuejs/vue,main,GITHUB,"https://github.com/vuejs/vue/blob/main",lodash,^4.17.21,
github.com,caprover/caprover,master,GITHUB,"https://github.com/caprover/caprover/blob/master",axios,^0.21.1,0.21.4
github.com,oclif/oclif,main,GITHUB,"https://github.com/oclif/oclif/blob/main",lodash,^4.17.21,
github.com,"responsively-org/responsively-app",main,GITHUB,"https://github.com/responsively-org/responsively-app/blob/main",validator,^13.1.1,
github.com,ForestAdmin/lumber,main,GITHUB,"https://github.com/ForestAdmin/lumber/blob/main",lodash,4.17.19,
github.com,amqp-node/amqplib,main,GITHUB,"https://github.com/amqp-node/amqplib/blob/main",uuid,"*",
github.com,yabwe/medium-editor,master,GITHUB,"https://github.com/yabwe/medium-editor/blob/master",lodash,4.17.19,
github.com,nomcopter/react-mosaic,master,GITHUB,"https://github.com/nomcopter/react-mosaic/blob/master",lodash,^4.17.21,
github.com,parcel-bundler/parcel,v2,GITHUB,"https://github.com/parcel-bundler/parcel/blob/v2",nanoid,^3.1.12,
github.com,usebruno/bruno,main,GITHUB,"https://github.com/usebruno/bruno/blob/main",nanoid,3.3.4,
github.com,usebruno/bruno,main,GITHUB,"https://github.com/usebruno/bruno/blob/main",nanoid,3.3.4,
github.com,usebruno/bruno,main,GITHUB,"https://github.com/usebruno/bruno/blob/main",nanoid,3.3.4,
github.com,TypeStrong/typedoc,master,GITHUB,"https://github.com/TypeStrong/typedoc/blob/master",lodash,^4.17.21,
github.com,typicode/lowdb,main,GITHUB,"https://github.com/typicode/lowdb/blob/main",lodash,^4.17.21,4.17.21
github.com,"typestack/class-validator",develop,GITHUB,"https://github.com/typestack/class-validator/blob/develop",validator,^13.9.0,13.9.0
github.com,rafaelfgx/Architecture,main,GITHUB,"https://github.com/rafaelfgx/Architecture/blob/main",rxjs,7.8.1,
github.com,"BilibiliVideoDownload/BilibiliVideoDownload",master,GITHUB,"https://github.com/BilibiliVideoDownload/BilibiliVideoDownload/blob/master",nanoid,^3.3.3,3.3.4
github.com,gridstack/gridstack.js,master,GITHUB,"https://github.com/gridstack/gridstack.js/blob/master",rxjs,~7.5.0,
github.com,graphql-nexus/nexus,main,GITHUB,"https://github.com/graphql-nexus/nexus/blob/main",lodash,^4.17.11,
github.com,graphql-nexus/nexus,main,GITHUB,"https://github.com/graphql-nexus/nexus/blob/main",lodash,^4.17.15,
github.com,graphql-nexus/nexus,main,GITHUB,"https://github.com/graphql-nexus/nexus/blob/main",lodash,^4.17.15,
github.com,"GoogleCloudPlatform/nodejs-docs-samples",main,GITHUB,"https://github.com/GoogleCloudPlatform/nodejs-docs-samples/blob/main",nanoid,^3.3.0,
github.com,getgridea/gridea,master,GITHUB,"https://github.com/getgridea/gridea/blob/master",shortid,^2.2.14,
github.com,pipipi-pikachu/PPTist,master,GITHUB,"https://github.com/pipipi-pikachu/PPTist/blob/master",crypto-js,^4.2.0,4.2.0
github.com,vercel/hyper,canary,GITHUB,"https://github.com/vercel/hyper/blob/canary",lodash,4.17.21,
github.com,vercel/hyper,canary,GITHUB,"https://github.com/vercel/hyper/blob/canary",lodash,4.17.21,
github.com,stdlib-js/stdlib,develop,GITHUB,"https://github.com/stdlib-js/stdlib/blob/develop",lodash,^4.17.4,
github.com,BuilderIO/figma-html,master,GITHUB,"https://github.com/BuilderIO/figma-html/blob/master",lodash,^4.17.21,4.17.21
github.com,"pure-admin/vue-pure-admin",main,GITHUB,"https://github.com/pure-admin/vue-pure-admin/blob/main",dayjs,^1.11.12,
github.com,avwo/whistle,master,GITHUB,"https://github.com/avwo/whistle/blob/master",xml2js,0.5.0,0.5.0
github.com,codeceptjs/CodeceptJS,3.x,GITHUB,"https://github.com/codeceptjs/CodeceptJS/blob/3.x",xml2js,0.6.2,
github.com,Netflix/pollyjs,master,GITHUB,"https://github.com/Netflix/pollyjs/blob/master",deepmerge,^4.2.0,
github.com,basarat/typescript-book,master,GITHUB,"https://github.com/basarat/typescript-book/blob/master",moment,^2.18.1,
github.com,"shadowsocks/shadowsocks-manager",master,GITHUB,"https://github.com/shadowsocks/shadowsocks-manager/blob/master",lodash,^4.17.21,
github.com,ueberdosis/tiptap,develop,GITHUB,"https://github.com/ueberdosis/tiptap/blob/develop",uuid,^8.3.2,
github.com,gridsome/gridsome,master,GITHUB,"https://github.com/gridsome/gridsome/blob/master",lodash,^4.17.11,
github.com,gridsome/gridsome,master,GITHUB,"https://github.com/gridsome/gridsome/blob/master",lodash,^4.17.11,
github.com,gridsome/gridsome,master,GITHUB,"https://github.com/gridsome/gridsome/blob/master",lodash,^4.17.10,
github.com,gridsome/gridsome,master,GITHUB,"https://github.com/gridsome/gridsome/blob/master",lodash,^4.17.11,
github.com,gridsome/gridsome,master,GITHUB,"https://github.com/gridsome/gridsome/blob/master",lodash,^4.17.11,
github.com,gridsome/gridsome,master,GITHUB,"https://github.com/gridsome/gridsome/blob/master",lodash,^4.17.11,
github.com,gridsome/gridsome,master,GITHUB,"https://github.com/gridsome/gridsome/blob/master",lodash,^4.17.11,
github.com,nylas/nylas-mail,master,GITHUB,"https://github.com/nylas/nylas-mail/blob/master",underscore,1.8.3,
github.com,nylas/nylas-mail,master,GITHUB,"https://github.com/nylas/nylas-mail/blob/master",underscore,1.8.3,
github.com,nylas/nylas-mail,master,GITHUB,"https://github.com/nylas/nylas-mail/blob/master",underscore,1.8.x,
github.com,nylas/nylas-mail,master,GITHUB,"https://github.com/nylas/nylas-mail/blob/master",underscore,1.8.3,
github.com,nylas/nylas-mail,master,GITHUB,"https://github.com/nylas/nylas-mail/blob/master",underscore,1.8.x,
github.com,cockpit-project/cockpit,main,GITHUB,"https://github.com/cockpit-project/cockpit/blob/main",uuid,9.0.1,
github.com,formbricks/formbricks,main,GITHUB,"https://github.com/formbricks/formbricks/blob/main",lodash,^4.17.21,
github.com,"facundoolano/google-play-scraper",main,GITHUB,"https://github.com/facundoolano/google-play-scraper/blob/main",validator,^13.9.0,13.11.0
github.com,josdejong/mathjs,develop,GITHUB,"https://github.com/josdejong/mathjs/blob/develop",mathjs,13.0.2,
github.com,taskforcesh/bullmq,master,GITHUB,"https://github.com/taskforcesh/bullmq/blob/master",uuid,^9.0.0,
github.com,taiga-family/taiga-ui,main,GITHUB,"https://github.com/taiga-family/taiga-ui/blob/main",rxjs,7.5.0,7.5.0
github.com,taiga-family/taiga-ui,main,GITHUB,"https://github.com/taiga-family/taiga-ui/blob/main",rxjs,7.5.0,7.5.0
github.com,"devias-io/material-kit-react",main,GITHUB,"https://github.com/devias-io/material-kit-react/blob/main",dayjs,1.11.11,
github.com,sindresorhus/got,main,GITHUB,"https://github.com/sindresorhus/got/blob/main",axios,^1.6.8,
github.com,"lin-xin/vue-manage-system",master,GITHUB,"https://github.com/lin-xin/vue-manage-system/blob/master",axios,^1.6.3,
github.com,"SudhanPlayz/Discord-MusicBot",v5,GITHUB,"https://github.com/SudhanPlayz/Discord-MusicBot/blob/v5",lodash,^4.17.21,
github.com,transloadit/uppy,main,GITHUB,"https://github.com/transloadit/uppy/blob/main",validator,^13.0.0,
github.com,soketi/soketi,1.x,GITHUB,"https://github.com/soketi/soketi/blob/1.x",uuid,^8.3.2,8.3.2
github.com,kysely-org/kysely,master,GITHUB,"https://github.com/kysely-org/kysely/blob/master",axios,^1.2.2,
github.com,elastic/elasticsearch-js,main,GITHUB,"https://github.com/elastic/elasticsearch-js/blob/main",js-yaml,^4.1.0,
github.com,keystonejs/keystone,main,GITHUB,"https://github.com/keystonejs/keystone/blob/main",uuid,^10.0.0,
github.com,keystonejs/keystone,main,GITHUB,"https://github.com/keystonejs/keystone/blob/main",uuid,^9.0.0,
github.com,hua1995116/webchat,master,GITHUB,"https://github.com/hua1995116/webchat/blob/master",axios,^0.16.1,
github.com,mrvautin/expressCart,master,GITHUB,"https://github.com/mrvautin/expressCart/blob/master",moment,^2.24.0,2.24.0
github.com,"apollographql/apollo-tooling",master,GITHUB,"https://github.com/apollographql/apollo-tooling/blob/master",moment,2.29.3,
github.com,"react-bootstrap/react-bootstrap",master,GITHUB,"https://github.com/react-bootstrap/react-bootstrap/blob/master",lodash,^4.17.21,
github.com,dashersw/cote,master,GITHUB,"https://github.com/dashersw/cote/blob/master",uuid,^3.3.3,3.4.0
github.com,Automattic/mongoose,master,GITHUB,"https://github.com/Automattic/mongoose/blob/master",uuid,10.0.0,
github.com,"ianstormtaylor/superstruct",main,GITHUB,"https://github.com/ianstormtaylor/superstruct/blob/main",lodash,^4.17.15,
github.com,sequelize/sequelize,main,GITHUB,"https://github.com/sequelize/sequelize/blob/main",uuid,^10.0.0,
github.com,"googlemaps/google-maps-services-js",master,GITHUB,"https://github.com/googlemaps/google-maps-services-js/blob/master",axios,^1.5.1,1.7.2
github.com,"testjavascript/nodejs-integration-tests-best-practices",master,GITHUB,"https://github.com/testjavascript/nodejs-integration-tests-best-practices/blob/master",rxjs,^7.8.0,7.8.0
github.com,"buqiyuan/vue3-antdv-admin",main,GITHUB,"https://github.com/buqiyuan/vue3-antdv-admin/blob/main",dayjs,~1.11.12,
github.com,remotion-dev/remotion,main,GITHUB,"https://github.com/remotion-dev/remotion/blob/main",uuid,^8.3.2,
github.com,prisma/prisma-examples,latest,GITHUB,"https://github.com/prisma/prisma-examples/blob/latest",uuid,10.0.0,
github.com,TypeCellOS/BlockNote,main,GITHUB,"https://github.com/TypeCellOS/BlockNote/blob/main",uuid,^8.3.2,
github.com,"apollographql/apollo-client",main,GITHUB,"https://github.com/apollographql/apollo-client/blob/main",rxjs,7.8.1,7.8.1
github.com,xtermjs/xterm.js,master,GITHUB,"https://github.com/xtermjs/xterm.js/blob/master",axios,^1.6.0,
github.com,umijs/qiankun,master,GITHUB,"https://github.com/umijs/qiankun/blob/master",rxjs,~6.5.4,
github.com,notadd/notadd,master,GITHUB,"https://github.com/notadd/notadd/blob/master",rxjs,6.5.2,
github.com,highlightjs/highlight.js,main,GITHUB,"https://github.com/highlightjs/highlight.js/blob/main",lodash,^4.17.20,4.17.21
github.com,knex/knex,master,GITHUB,"https://github.com/knex/knex/blob/master",lodash,^4.17.21,
github.com,CopilotKit/CopilotKit,main,GITHUB,"https://github.com/CopilotKit/CopilotKit/blob/main",rxjs,^7.8.1,
github.com,nestjsx/crud,master,GITHUB,"https://github.com/nestjsx/crud/blob/master",rxjs,7.5.5,
github.com,dubinc/dub,main,GITHUB,"https://github.com/dubinc/dub/blob/main",nanoid,^5.0.1,
github.com,dubinc/dub,main,GITHUB,"https://github.com/dubinc/dub/blob/main",nanoid,^5.0.1,
github.com,illacloud/illa-builder,beta,GITHUB,"https://github.com/illacloud/illa-builder/blob/beta",dayjs,^1.11.10,
github.com,illacloud/illa-builder,beta,GITHUB,"https://github.com/illacloud/illa-builder/blob/beta",dayjs,^1.11.10,
github.com,twentyhq/twenty,main,GITHUB,"https://github.com/twentyhq/twenty/blob/main",rxjs,^7.2.0,
github.com,dynamoose/dynamoose,main,GITHUB,"https://github.com/dynamoose/dynamoose/blob/main",uuid,^9.0.1,
github.com,commitizen/cz-cli,master,GITHUB,"https://github.com/commitizen/cz-cli/blob/master",lodash,4.17.21,4.17.21
github.com,"activepieces/activepieces",main,GITHUB,"https://github.com/activepieces/activepieces/blob/main",dayjs,1.11.9,
github.com,crimx/ext-saladict,dev,GITHUB,"https://github.com/crimx/ext-saladict/blob/dev",lodash,^4.17.21,
github.com,"forwardemail/email-templates",master,GITHUB,"https://github.com/forwardemail/email-templates/blob/master",lodash,^4.17.21,
github.com,evolus/pencil,master,GITHUB,"https://github.com/evolus/pencil/blob/master",lodash,^4.13.1,
github.com,redpanda-data/console,master,GITHUB,"https://github.com/redpanda-data/console/blob/master",moment,^2.29.4,2.29.4
github.com,rowyio/rowy,main,GITHUB,"https://github.com/rowyio/rowy/blob/main",date-fns,^2.28.0,
github.com,chathub-dev/chathub,main,GITHUB,"https://github.com/chathub-dev/chathub/blob/main",dayjs,^1.11.10,
github.com,gaozhangmin/aliyunpan,main,GITHUB,"https://github.com/gaozhangmin/aliyunpan/blob/main",dayjs,^1.11.7,
github.com,iview/iview,2.0,GITHUB,"https://github.com/iview/iview/blob/2.0",deepmerge,^2.2.1,
github.com,"kriasoft/react-starter-kit",main,GITHUB,"https://github.com/kriasoft/react-starter-kit/blob/main",nanoid,^5.0.5,
github.com,juice-shop/juice-shop,master,GITHUB,"https://github.com/juice-shop/juice-shop/blob/master",rxjs,6.6.3,
github.com,chakra-ui/panda,main,GITHUB,"https://github.com/chakra-ui/panda/blob/main",nanoid,5.0.7,
github.com,statelyai/xstate,main,GITHUB,"https://github.com/statelyai/xstate/blob/main",rxjs,^7.8.0,
github.com,statelyai/xstate,main,GITHUB,"https://github.com/statelyai/xstate/blob/main",rxjs,^7.8.0,
github.com,"honghuangdc/soybean-admin",main,GITHUB,"https://github.com/honghuangdc/soybean-admin/blob/main",dayjs,1.11.12,
github.com,Lissy93/dashy,master,GITHUB,"https://github.com/Lissy93/dashy/blob/master",crypto-js,^4.2.0,
github.com,xiangsx/gpt4free-ts,master,GITHUB,"https://github.com/xiangsx/gpt4free-ts/blob/master",uuid,^9.0.0,
github.com,ramda/ramda,master,GITHUB,"https://github.com/ramda/ramda/blob/master",js-yaml,^4.1.0,4.1.0
github.com,"Yin-Hongwei/music-website",master,GITHUB,"https://github.com/Yin-Hongwei/music-website/blob/master",axios,^0.26.0,0.26.1
github.com,"Yin-Hongwei/music-website",master,GITHUB,"https://github.com/Yin-Hongwei/music-website/blob/master",axios,^0.26.1,0.26.1
github.com,mikaelbr/node-notifier,master,GITHUB,"https://github.com/mikaelbr/node-notifier/blob/master",uuid,^8.3.2,8.3.2
github.com,andywer/webpack-blocks,master,GITHUB,"https://github.com/andywer/webpack-blocks/blob/master",lodash,^4.17.15,
github.com,andywer/webpack-blocks,master,GITHUB,"https://github.com/andywer/webpack-blocks/blob/master",lodash,^4.17.15,
github.com,andywer/webpack-blocks,master,GITHUB,"https://github.com/andywer/webpack-blocks/blob/master",lodash,^4.17.15,
github.com,andywer/webpack-blocks,master,GITHUB,"https://github.com/andywer/webpack-blocks/blob/master",lodash,^4.17.15,
github.com,"talyssonoc/node-api-boilerplate",main,GITHUB,"https://github.com/talyssonoc/node-api-boilerplate/blob/main",uuid,^8.3.2,
github.com,ghostfolio/ghostfolio,main,GITHUB,"https://github.com/ghostfolio/ghostfolio/blob/main",date-fns,2.29.3,2.29.3
github.com,NG-ZORRO/ng-zorro-antd,master,GITHUB,"https://github.com/NG-ZORRO/ng-zorro-antd/blob/master",date-fns,^2.16.1,2.30.0
github.com,NG-ZORRO/ng-zorro-antd,master,GITHUB,"https://github.com/NG-ZORRO/ng-zorro-antd/blob/master",date-fns,^2.16.1,2.30.0
github.com,volta-cli/volta,main,GITHUB,"https://github.com/volta-cli/volta/blob/main",lodash,"*",
github.com,11ty/eleventy,main,GITHUB,"https://github.com/11ty/eleventy/blob/main",js-yaml,^4.1.0,
github.com,vuejs/vue-router,dev,GITHUB,"https://github.com/vuejs/vue-router/blob/dev",axios,^0.28.0,
github.com,HalseySpicy/Geeker-Admin,master,GITHUB,"https://github.com/HalseySpicy/Geeker-Admin/blob/master",dayjs,^1.11.11,
github.com,mozilla/node-convict,master,GITHUB,"https://github.com/mozilla/node-convict/blob/master",js-yaml,^4.1.0,4.1.0
github.com,getredash/redash,master,GITHUB,"https://github.com/getredash/redash/blob/master",dayjs,^1.11.9,
github.com,liyupi/mianshiya-public,master,GITHUB,"https://github.com/liyupi/mianshiya-public/blob/master",lodash,^4.17.11,
github.com,mantinedev/mantine,master,GITHUB,"https://github.com/mantinedev/mantine/blob/master",dayjs,^1.11.10,
github.com,mantinedev/mantine,master,GITHUB,"https://github.com/mantinedev/mantine/blob/master",dayjs,^1.11.10,
github.com,mantinedev/mantine,master,GITHUB,"https://github.com/mantinedev/mantine/blob/master",dayjs,^1.11.10,
github.com,nodejs/undici,main,GITHUB,"https://github.com/nodejs/undici/blob/main",axios,^1.6.7,
github.com,marcuswestin/store.js,master,GITHUB,"https://github.com/marcuswestin/store.js/blob/master",lodash,^3.10.1,
github.com,NotionX/react-notion-x,master,GITHUB,"https://github.com/NotionX/react-notion-x/blob/master",date-fns,^2.28.0,
github.com,shelljs/shelljs,master,GITHUB,"https://github.com/shelljs/shelljs/blob/master",js-yaml,^4.1.0,
github.com,qier222/YesPlayMusic,master,GITHUB,"https://github.com/qier222/YesPlayMusic/blob/master",dayjs,^1.8.36,
github.com,flipt-io/flipt,main,GITHUB,"https://github.com/flipt-io/flipt/blob/main",date-fns,^3.6.0,3.6.0
github.com,napi-rs/napi-rs,main,GITHUB,"https://github.com/napi-rs/napi-rs/blob/main",rxjs,^7.8.1,
github.com,gotify/server,master,GITHUB,"https://github.com/gotify/server/blob/master",axios,^0.21.1,
github.com,"prabhuignoto/react-chrono",master,GITHUB,"https://github.com/prabhuignoto/react-chrono/blob/master",dayjs,^1.11.12,
github.com,"imgly/background-removal-js",main,GITHUB,"https://github.com/imgly/background-removal-js/blob/main",lodash,~4.17.21,4.17.21
github.com,kanaka/mal,master,GITHUB,"https://github.com/kanaka/mal/blob/master",js-yaml,3.13.1,
github.com,acode/cli,master,GITHUB,"https://github.com/acode/cli/blob/master",uuid,^8.3.2,
github.com,compodoc/compodoc,develop,GITHUB,"https://github.com/compodoc/compodoc/blob/develop",lodash,^4.17.21,4.17.21
github.com,JordanKnott/taskcafe,master,GITHUB,"https://github.com/JordanKnott/taskcafe/blob/master",axios,^0.21.1,
github.com,r-spacex/SpaceX-API,master,GITHUB,"https://github.com/r-spacex/SpaceX-API/blob/master",lodash,^4.17.21,4.17.21
github.com,"express-validator/express-validator",master,GITHUB,"https://github.com/express-validator/express-validator/blob/master",lodash,^4.17.21,4.17.21
github.com,sindresorhus/np,main,GITHUB,"https://github.com/sindresorhus/np/blob/main",rxjs,^7.8.1,
github.com,oliverschwendener/ueli,main,GITHUB,"https://github.com/oliverschwendener/ueli/blob/main",mathjs,^13.0.2,13.0.2
github.com,capricorn86/happy-dom,master,GITHUB,"https://github.com/capricorn86/happy-dom/blob/master",rxjs,^6.5.3,
github.com,claudiajs/claudia,master,GITHUB,"https://github.com/claudiajs/claudia/blob/master",uuid,^8.3.2,
github.com,"microsoft/vscode-cpptools",main,GITHUB,"https://github.com/microsoft/vscode-cpptools/blob/main",axios,^1.6.1,1.6.1
github.com,webtorrent/instant.io,master,GITHUB,"https://github.com/webtorrent/instant.io/blob/master",date-fns,2.30.0,2.30.0
github.com,"kriasoft/relay-starter-kit",main,GITHUB,"https://github.com/kriasoft/relay-starter-kit/blob/main",nanoid,^5.0.5,
github.com,airyland/vux,v2,GITHUB,"https://github.com/airyland/vux/blob/v2",axios,^0.16.1,
github.com,airyland/vux,v2,GITHUB,"https://github.com/airyland/vux/blob/v2",axios,^0.15.3,
github.com,trpc/trpc,next,GITHUB,"https://github.com/trpc/trpc/blob/next",date-fns,^3.6.0,
github.com,jsdoc/jsdoc,main,GITHUB,"https://github.com/jsdoc/jsdoc/blob/main",lodash,^4.17.21,4.17.21
github.com,jsdoc/jsdoc,main,GITHUB,"https://github.com/jsdoc/jsdoc/blob/main",lodash,^4.17.21,4.17.21
github.com,jsdoc/jsdoc,main,GITHUB,"https://github.com/jsdoc/jsdoc/blob/main",lodash,^4.17.21,4.17.21
github.com,jsdoc/jsdoc,main,GITHUB,"https://github.com/jsdoc/jsdoc/blob/main",lodash,^4.17.21,4.17.21
github.com,jsdoc/jsdoc,main,GITHUB,"https://github.com/jsdoc/jsdoc/blob/main",lodash,^4.17.21,4.17.21
github.com,jsdoc/jsdoc,main,GITHUB,"https://github.com/jsdoc/jsdoc/blob/main",lodash,^4.17.21,4.17.21
github.com,jsdoc/jsdoc,main,GITHUB,"https://github.com/jsdoc/jsdoc/blob/main",lodash,^4.17.21,4.17.21
github.com,jsdoc/jsdoc,main,GITHUB,"https://github.com/jsdoc/jsdoc/blob/main",lodash,^4.17.21,4.17.21
github.com,jsdoc/jsdoc,main,GITHUB,"https://github.com/jsdoc/jsdoc/blob/main",lodash,^4.17.21,4.17.21
github.com,jsdoc/jsdoc,main,GITHUB,"https://github.com/jsdoc/jsdoc/blob/main",lodash,^4.17.21,4.17.21
github.com,jsdoc/jsdoc,main,GITHUB,"https://github.com/jsdoc/jsdoc/blob/main",lodash,^4.17.21,4.17.21
github.com,recharts/recharts,master,GITHUB,"https://github.com/recharts/recharts/blob/master",lodash,^4.17.21,4.17.21
github.com,mattallty/Caporal.js,next,GITHUB,"https://github.com/mattallty/Caporal.js/blob/next",lodash,^4.17.21,
github.com,"Haehnchen/crypto-trading-bot",master,GITHUB,"https://github.com/Haehnchen/crypto-trading-bot/blob/master",lodash,^4.17.21,4.17.21
github.com,chatwoot/chatwoot,develop,GITHUB,"https://github.com/chatwoot/chatwoot/blob/develop",axios,^1.6.0,
github.com,asciidwango/js-primer,master,GITHUB,"https://github.com/asciidwango/js-primer/blob/master",lodash,^4.17.21,
github.com,CorentinTh/it-tools,main,GITHUB,"https://github.com/CorentinTh/it-tools/blob/main",mathjs,^11.9.1,
github.com,"buqiyuan/vite-vue3-lowcode",main,GITHUB,"https://github.com/buqiyuan/vite-vue3-lowcode/blob/main",axios,^0.27.2,
github.com,"socketstream/socketstream",develop,GITHUB,"https://github.com/socketstream/socketstream/blob/develop",uuid,2.0.1,
github.com,"SocketCluster/socketcluster",master,GITHUB,"https://github.com/SocketCluster/socketcluster/blob/master",uuid,^9.0.1,
github.com,date-fns/date-fns,main,GITHUB,"https://github.com/date-fns/date-fns/blob/main",date-fns,^3.0.0,
github.com,"triggerdotdev/jsonhero-web",main,GITHUB,"https://github.com/triggerdotdev/jsonhero-web/blob/main",nanoid,^3.2.0,3.3.4
github.com,"keystonejs/keystone-classic",master,GITHUB,"https://github.com/keystonejs/keystone-classic/blob/master",lodash,^4.17.11,
github.com,gajus/slonik,main,GITHUB,"https://github.com/gajus/slonik/blob/main",lodash,^4.17.20,
github.com,clickvote/clickvote,main,GITHUB,"https://github.com/clickvote/clickvote/blob/main",axios,1.6.7,1.6.7
github.com,whyour/qinglong,develop,GITHUB,"https://github.com/whyour/qinglong/blob/develop",js-yaml,^4.1.0,
github.com,vuetifyjs/vuetify,master,GITHUB,"https://github.com/vuetifyjs/vuetify/blob/master",date-fns,^3.6.0,
github.com,vuetifyjs/vuetify,master,GITHUB,"https://github.com/vuetifyjs/vuetify/blob/master",date-fns,^3.6.0,
github.com,improbable-eng/grpc-web,master,GITHUB,"https://github.com/improbable-eng/grpc-web/blob/master",lodash,^4.17.20,
github.com,dotansimha/graphql-yoga,main,GITHUB,"https://github.com/dotansimha/graphql-yoga/blob/main",js-yaml,4.1.0,
github.com,primer/octicons,main,GITHUB,"https://github.com/primer/octicons/blob/main",js-yaml,3.13.1,
github.com,ladjs/lad,master,GITHUB,"https://github.com/ladjs/lad/blob/master",dayjs,^1.10.4,
github.com,webpro/knip,main,GITHUB,"https://github.com/webpro/knip/blob/main",js-yaml,^4.1.0,
github.com,"brick-design/brick-design",master,GITHUB,"https://github.com/brick-design/brick-design/blob/master",lodash,^4.17.15,
github.com,"brick-design/brick-design",master,GITHUB,"https://github.com/brick-design/brick-design/blob/master",lodash,^4.17.15,
github.com,"brick-design/brick-design",master,GITHUB,"https://github.com/brick-design/brick-design/blob/master",lodash,^4.17.15,
github.com,"brick-design/brick-design",master,GITHUB,"https://github.com/brick-design/brick-design/blob/master",lodash,^4.17.15,
github.com,"brick-design/brick-design",master,GITHUB,"https://github.com/brick-design/brick-design/blob/master",lodash,^4.17.15,
github.com,"brick-design/brick-design",master,GITHUB,"https://github.com/brick-design/brick-design/blob/master",lodash,^4.17.20,
github.com,surveyjs/survey-library,master,GITHUB,"https://github.com/surveyjs/survey-library/blob/master",rxjs,~6.6.0,
github.com,Infisical/infisical,main,GITHUB,"https://github.com/Infisical/infisical/blob/main",axios,^0.28.0,
github.com,Infisical/infisical,main,GITHUB,"https://github.com/Infisical/infisical/blob/main",axios,^1.6.7,
github.com,"Chalarangelo/30-seconds-of-code",master,GITHUB,"https://github.com/Chalarangelo/30-seconds-of-code/blob/master",js-yaml,^4.1.0,4.1.0
github.com,tinacms/tinacms,main,GITHUB,"https://github.com/tinacms/tinacms/blob/main",moment,2.29.4,
github.com,"KingSora/OverlayScrollbars",master,GITHUB,"https://github.com/KingSora/OverlayScrollbars/blob/master",rxjs,^7.8.1,
github.com,"KingSora/OverlayScrollbars",master,GITHUB,"https://github.com/KingSora/OverlayScrollbars/blob/master",rxjs,^7.4.0,
github.com,honojs/hono,main,GITHUB,"https://github.com/honojs/hono/blob/main",crypto-js,^4.1.1,
github.com,WorldBrain/Memex,develop,GITHUB,"https://github.com/WorldBrain/Memex/blob/develop",moment,^2.18.1,
github.com,"join-monster/join-monster",master,GITHUB,"https://github.com/join-monster/join-monster/blob/master",lodash,^4.17.21,4.17.21
github.com,teamhanko/hanko,main,GITHUB,"https://github.com/teamhanko/hanko/blob/main",rxjs,~7.8.0,
github.com,yeoman/yo,main,GITHUB,"https://github.com/yeoman/yo/blob/main",lodash,^4.17.15,4.17.21
github.com,"Armour/vue-typescript-admin-template",master,GITHUB,"https://github.com/Armour/vue-typescript-admin-template/blob/master",axios,^0.21.1,
github.com,"CodeGenieApp/serverless-express",mainline,GITHUB,"https://github.com/CodeGenieApp/serverless-express/blob/mainline",dayjs,^1.11.7,1.11.7
github.com,LeekHub/leek-fund,master,GITHUB,"https://github.com/LeekHub/leek-fund/blob/master",moment,^2.29.4,
github.com,"helpers/handlebars-helpers",master,GITHUB,"https://github.com/helpers/handlebars-helpers/blob/master",js-yaml,^3.10.0,
github.com,rebassjs/rebass,master,GITHUB,"https://github.com/rebassjs/rebass/blob/master",deepmerge,^4.0.0,
github.com,alseambusher/crontab-ui,main,GITHUB,"https://github.com/alseambusher/crontab-ui/blob/main",moment,latest,
github.com,outline/outline,main,GITHUB,"https://github.com/outline/outline/blob/main",validator,13.12.0,
github.com,udecode/plate,main,GITHUB,"https://github.com/udecode/plate/blob/main",validator,^13.11.0,
github.com,LiskHQ/lisk-sdk,development,GITHUB,"https://github.com/LiskHQ/lisk-sdk/blob/development",validator,13.7.0,
github.com,sendgrid/sendgrid-nodejs,main,GITHUB,"https://github.com/sendgrid/sendgrid-nodejs/blob/main",moment,^2.19.3,
github.com,vercel/ai,main,GITHUB,"https://github.com/vercel/ai/blob/main",nanoid,3.3.6,
github.com,vercel/ai,main,GITHUB,"https://github.com/vercel/ai/blob/main",nanoid,3.3.6,
github.com,AutomaApp/automa,main,GITHUB,"https://github.com/AutomaApp/automa/blob/main",dayjs,^1.11.6,
github.com,SigNoz/signoz,develop,GITHUB,"https://github.com/SigNoz/signoz/blob/develop",dayjs,^1.10.7,
github.com,salesforce/akita,master,GITHUB,"https://github.com/salesforce/akita/blob/master",rxjs,7.8.0,7.8.0
github.com,"wangeditor-team/wangEditor",master,GITHUB,"https://github.com/wangeditor-team/wangEditor/blob/master",nanoid,^3.2.0,
github.com,qawolf/qawolf,develop,GITHUB,"https://github.com/qawolf/qawolf/blob/develop",axios,^0.21.4,0.21.4
github.com,DavidAnson/markdownlint,main,GITHUB,"https://github.com/DavidAnson/markdownlint/blob/main",js-yaml,4.1.0,
github.com,kulshekhar/ts-jest,main,GITHUB,"https://github.com/kulshekhar/ts-jest/blob/main",js-yaml,latest,
github.com,vadimdemedes/ink,master,GITHUB,"https://github.com/vadimdemedes/ink/blob/master",lodash,^4.17.21,
github.com,"trivago/prettier-plugin-sort-imports",main,GITHUB,"https://github.com/trivago/prettier-plugin-sort-imports/blob/main",lodash,^4.17.21,
github.com,"parse-community/parse-server",alpha,GITHUB,"https://github.com/parse-community/parse-server/blob/alpha",lodash,4.17.21,4.17.21
github.com,GladysAssistant/Gladys,master,GITHUB,"https://github.com/GladysAssistant/Gladys/blob/master",dayjs,^1.11.6,
github.com,GladysAssistant/Gladys,master,GITHUB,"https://github.com/GladysAssistant/Gladys/blob/master",dayjs,^1.11.10,
github.com,GladysAssistant/Gladys,master,GITHUB,"https://github.com/GladysAssistant/Gladys/blob/master",dayjs,^1.11.7,
github.com,GladysAssistant/Gladys,master,GITHUB,"https://github.com/GladysAssistant/Gladys/blob/master",dayjs,^1.10.6,
github.com,GladysAssistant/Gladys,master,GITHUB,"https://github.com/GladysAssistant/Gladys/blob/master",dayjs,^1.11.7,
github.com,GladysAssistant/Gladys,master,GITHUB,"https://github.com/GladysAssistant/Gladys/blob/master",dayjs,^1.11.5,
github.com,primus/primus,master,GITHUB,"https://github.com/primus/primus/blob/master",nanoid,~3.3.3,
github.com,"open-wa/wa-automate-nodejs",master,GITHUB,"https://github.com/open-wa/wa-automate-nodejs/blob/master",rxjs,^7.0.0,7.5.2
github.com,nswbmw/N-blog,master,GITHUB,"https://github.com/nswbmw/N-blog/blob/master",moment,2.20.1,
github.com,e2b-dev/E2B,main,GITHUB,"https://github.com/e2b-dev/E2B/blob/main",uuid,^9.0.1,
github.com,ganeshrvel/openmtp,master,GITHUB,"https://github.com/ganeshrvel/openmtp/blob/master",js-yaml,^4.1.0,
github.com,"Renovamen/playground-macos",main,GITHUB,"https://github.com/Renovamen/playground-macos/blob/main",date-fns,^3.6.0,
github.com,"clauderic/react-sortable-hoc",master,GITHUB,"https://github.com/clauderic/react-sortable-hoc/blob/master",lodash,^4.12.0,
github.com,Sly777/ran,master,GITHUB,"https://github.com/Sly777/ran/blob/master",moment,2.23.0,
github.com,alibaba/rax,master,GITHUB,"https://github.com/alibaba/rax/blob/master",ramda,^0.26.1,
github.com,yangshun/lago,master,GITHUB,"https://github.com/yangshun/lago/blob/master",lodash,^4.17.19,
github.com,Azure/autorest,main,GITHUB,"https://github.com/Azure/autorest/blob/main",lodash,~4.17.20,
github.com,Azure/autorest,main,GITHUB,"https://github.com/Azure/autorest/blob/main",lodash,~4.17.20,
github.com,Azure/autorest,main,GITHUB,"https://github.com/Azure/autorest/blob/main",lodash,~4.17.20,
github.com,Azure/autorest,main,GITHUB,"https://github.com/Azure/autorest/blob/main",lodash,~4.17.20,
github.com,Azure/autorest,main,GITHUB,"https://github.com/Azure/autorest/blob/main",lodash,~4.17.20,
github.com,Azure/autorest,main,GITHUB,"https://github.com/Azure/autorest/blob/main",lodash,~4.17.20,
github.com,Azure/autorest,main,GITHUB,"https://github.com/Azure/autorest/blob/main",lodash,~4.17.20,
github.com,Azure/autorest,main,GITHUB,"https://github.com/Azure/autorest/blob/main",lodash,~4.17.20,
github.com,Azure/autorest,main,GITHUB,"https://github.com/Azure/autorest/blob/main",lodash,~4.17.20,
github.com,webpack/webpack.js.org,main,GITHUB,"https://github.com/webpack/webpack.js.org/blob/main",lodash,^4.17.21,
github.com,webpack/webpack.js.org,main,GITHUB,"https://github.com/webpack/webpack.js.org/blob/main",lodash,^4.17.21,
github.com,oxc-project/oxc,main,GITHUB,"https://github.com/oxc-project/oxc/blob/main",axios,^1.7.2,
github.com,"dotansimha/graphql-code-generator",master,GITHUB,"https://github.com/dotansimha/graphql-code-generator/blob/master",moment,~2.30.0,
github.com,"dotansimha/graphql-code-generator",master,GITHUB,"https://github.com/dotansimha/graphql-code-generator/blob/master",moment,2.30.1,
github.com,ethers-io/ethers.js,main,GITHUB,"https://github.com/ethers-io/ethers.js/blob/main",rxjs,~7.8.0,
github.com,karma-runner/karma,master,GITHUB,"https://github.com/karma-runner/karma/blob/master",lodash,^4.17.21,4.17.21
github.com,ionic-team/stencil,main,GITHUB,"https://github.com/ionic-team/stencil/blob/main",lodash,^4.17.20,
github.com,imbhargav5/rooks,main,GITHUB,"https://github.com/imbhargav5/rooks/blob/main",lodash,^4.17.21,
github.com,DevExpress/testcafe,master,GITHUB,"https://github.com/DevExpress/testcafe/blob/master",nanoid,^3.1.31,3.3.7
github.com,esbenp/pdf-bot,master,GITHUB,"https://github.com/esbenp/pdf-bot/blob/master",uuid,^3.1.0,
github.com,pterodactyl/panel,develop,GITHUB,"https://github.com/pterodactyl/panel/blob/develop",nanoid,4.0.1,
github.com,joemccann/dillinger,master,GITHUB,"https://github.com/joemccann/dillinger/blob/master",lodash,^4.17.21,
github.com,Mereithhh/vanblog,master,GITHUB,"https://github.com/Mereithhh/vanblog/blob/master",axios,^1.6.2,
github.com,tnfe/FFCreator,master,GITHUB,"https://github.com/tnfe/FFCreator/blob/master",lodash,^4.17.20,4.17.21
github.com,"w3tecch/express-typescript-boilerplate",develop,GITHUB,"https://github.com/w3tecch/express-typescript-boilerplate/blob/develop",uuid,^3.3.2,
github.com,MCSManager/MCSManager,master,GITHUB,"https://github.com/MCSManager/MCSManager/blob/master",axios,^1.6.2,1.6.2
github.com,MCSManager/MCSManager,master,GITHUB,"https://github.com/MCSManager/MCSManager/blob/master",axios,^1.1.3,1.6.2
github.com,MCSManager/MCSManager,master,GITHUB,"https://github.com/MCSManager/MCSManager/blob/master",axios,^1.4.0,1.6.2
github.com,"RainManGO/vue3-composition-admin",main,GITHUB,"https://github.com/RainManGO/vue3-composition-admin/blob/main",moment,^2.29.1,2.29.1
github.com,taniarascia/takenote,master,GITHUB,"https://github.com/taniarascia/takenote/blob/master",axios,^0.21.1,0.21.1
github.com,"janishar/nodejs-backend-architecture-typescript",master,GITHUB,"https://github.com/janishar/nodejs-backend-architecture-typescript/blob/master",axios,^1.6.5,1.6.5
