repositoryOrigin,repositoryPath,repositoryBranch,buildTool,groupId,artifactId,version,dependencyGroupId,dependencyArtifactId,dependencyVersion,direct
github.com,joke/spock-mockable,main,Gradle,,spring,,org.springframework.boot,spring-boot-starter-web,2.7.5,true
github.com,joke/spock-mockable,main,Gradle,,spring,,org.springframework.boot,spring-boot-dependencies,2.7.5,true
github.com,joke/spock-mockable,main,Gradle,,spock-mockable,,com.google.auto.service,auto-service-annotations,1.0.1,true
github.com,joke/spock-mockable,main,Gradle,,spock-mockable,,org.junit.platform,junit-platform-launcher,1.9.0,true
github.com,joke/spock-mockable,main,Gradle,,spock-mockable,,net.bytebuddy,byte-buddy-agent,1.13.0,true
github.com,joke/spock-mockable,main,Gradle,,spock-mockable,,io.github.joke,dependencies,2.3.3-SNAPSHOT,true
github.com,joke/spock-mockable,main,Gradle,,spock-mockable,,org.junit.platform,junit-platform-engine,1.9.0,true
github.com,joke/spock-mockable,main,Gradle,,spock-mockable,,org.apache.groovy,groovy,4.0.7,true
github.com,joke/spock-mockable,main,Gradle,,spock-mockable,,org.projectlombok,lombok,1.18.26,true
github.com,joke/spock-mockable,main,Gradle,,spock-mockable,,net.bytebuddy,byte-buddy,1.14.0,true
github.com,joke/spock-mockable,main,Gradle,,spock-mockable,,com.google.dagger,dagger,2.44.2,true
github.com,joke/spock-mockable,main,Gradle,,spock-mockable,,org.spockframework,spock-core,2.3-groovy-4.0,true
github.com,joke/spock-mockable,main,Gradle,,spock-mockable,,org.slf4j,slf4j-api,2.0.6,true
github.com,joke/spock-mockable,main,Gradle,,spock-mockable,,org.jetbrains,annotations,24.0.0,true
github.com,joke/spock-mockable,main,Gradle,,kotlin,,org.jetbrains.kotlin,kotlin-stdlib-jdk8,1.8.20,true
github.com,"dave99galloway/cucumberTest",main,Gradle,,cucumberTest,,org.jetbrains.kotlin,kotlin-test-junit,1.4.31,true
github.com,"dave99galloway/cucumberTest",main,Gradle,,cucumberTest,,org.slf4j,slf4j-simple,1.7.30,true
github.com,"dave99galloway/cucumberTest",main,Gradle,,cucumberTest,,io.cucumber,cucumber-junit,6.10.3,true
github.com,"dave99galloway/cucumberTest",main,Gradle,,cucumberTest,,org.jetbrains.kotlin,kotlin-bom,1.4.31,true
github.com,"dave99galloway/cucumberTest",main,Gradle,,cucumberTest,,io.cucumber,cucumber-java,6.10.3,true
github.com,"dave99galloway/cucumberTest",main,Gradle,,cucumberTest,,org.jetbrains.kotlin,kotlin-test,1.4.31,true
github.com,"dave99galloway/cucumberTest",main,Gradle,,cucumberTest,,org.jetbrains.kotlin,kotlin-stdlib-jdk8,1.4.31,true
github.com,"dave99galloway/cucumberTest",main,Gradle,,cucumberTest,,io.cucumber,cucumber-java8,6.10.3,true
github.com,"dave99galloway/cucumberTest",main,Gradle,,cucumberTest,,org.jetbrains.kotlin,kotlin-reflect,1.4.31,true
github.com,"dave99galloway/cucumberTest",main,Gradle,,cucumberTest,,org.slf4j,jul-to-slf4j,1.7.30,true
github.com,"dave99galloway/cucumberTest",main,Gradle,,cucumberTest,,org.slf4j,slf4j-api,1.7.30,true
github.com,"dave99galloway/cucumberTest",main,Gradle,,cucumberTest,,com.google.guava,guava,30.0-jre,true
github.com,awslabs/disco,master,Gradle,,"disco-java-agent-instrumentation-preprocess-test-target",,"software.amazon.disco.disco-java-agent",disco-java-agent-core,0.13.0,true
github.com,awslabs/disco,master,Gradle,,"disco-java-agent-instrumentation-preprocess-test-target",,"software.amazon.disco.disco-java-agent","disco-java-agent-plugin-api",0.13.0,true
github.com,awslabs/disco,master,Gradle,,"disco-java-agent-instrumentation-preprocess-test-target",,"software.amazon.disco.disco-java-agent",disco-java-agent-api,0.13.0,true
github.com,awslabs/disco,master,Gradle,,"disco-java-agent-instrumentation-preprocess-test-plugin",,"software.amazon.disco.disco-java-agent",disco-java-agent-core,0.13.0,true
github.com,awslabs/disco,master,Gradle,,"disco-java-agent-instrumentation-preprocess-test-plugin",,"software.amazon.disco.disco-java-agent","disco-java-agent-plugin-api",0.13.0,true
github.com,awslabs/disco,master,Gradle,,"disco-java-agent-instrumentation-preprocess-test-plugin",,"software.amazon.disco.disco-java-agent",disco-java-agent-api,0.13.0,true
github.com,awslabs/disco,master,Gradle,,disco-java-agent-core,,"software.amazon.disco.disco-java-agent","disco-java-agent-plugin-api",0.13.0,true
github.com,awslabs/disco,master,Gradle,,disco-java-agent-core,,"software.amazon.disco.disco-java-agent",disco-java-agent-api,0.13.0,true
github.com,awslabs/disco,master,Gradle,,disco-java-agent-core,,"software.amazon.disco.disco-java-agent","disco-java-agent-inject-api",0.13.0,true
github.com,awslabs/disco,master,Gradle,,"disco-java-agent-inject-api",,"software.amazon.disco.disco-java-agent",disco-java-agent-api,0.13.0,true
github.com,awslabs/disco,master,Gradle,,"disco-java-agent-plugin-api",,org.ow2.asm,asm-commons,9.2,true
github.com,awslabs/disco,master,Gradle,,"disco-java-agent-plugin-api",,org.ow2.asm,asm,9.2,true
github.com,awslabs/disco,master,Gradle,,"disco-java-agent-plugin-api",,org.ow2.asm,asm-tree,9.2,true
github.com,awslabs/disco,master,Gradle,,"disco-java-agent-plugin-api",,net.java.dev.jna,jna,5.8.0,true
github.com,"Doist/version-name-gradle-plugin",main,Gradle,,"version-name-gradle-plugin",,org.jetbrains.kotlin,kotlin-stdlib-jdk7,1.3.72,true
github.com,"Doist/version-name-gradle-plugin",main,Gradle,,"version-name-gradle-plugin",,org.jetbrains.kotlin,kotlin-stdlib-jdk8,1.3.72,true
github.com,"Doist/version-name-gradle-plugin",main,Gradle,,"version-name-gradle-plugin",,org.jetbrains.kotlin,kotlin-reflect,1.3.72,true
github.com,an3ll/wsdl2java,master,Gradle,,wsdl2java,,org.jetbrains.kotlin,kotlin-stdlib,1.5.0-M2,true
github.com,trivago/Heimdall.droid,master,Gradle,,library,,com.google.code.gson,gson,2.8.6,true
github.com,trivago/Heimdall.droid,master,Gradle,,library,,org.jetbrains.kotlin,kotlin-stdlib-jdk8,1.4.10,true
github.com,trivago/Heimdall.droid,master,Gradle,,library,,io.reactivex.rxjava2,rxjava,2.2.19,true
github.com,"coditory/gradle-integration-test-plugin",master,Gradle,,integration-test-plugin,,org.jetbrains.kotlin,kotlin-gradle-plugin,1.9.0,true
github.com,"coditory/gradle-integration-test-plugin",master,Gradle,,integration-test-plugin,,org.jetbrains.kotlin,kotlin-stdlib-jdk8,1.9.0,true
github.com,square/okio,master,Gradle,,samples,,com.squareup.okio,okio,3.6.0-SNAPSHOT,true
github.com,square/okio,master,Gradle,,samples,,org.jetbrains.kotlin,kotlin-stdlib-jdk8,1.9.0,true
github.com,square/okio,master,Gradle,,samples,,org.jetbrains.kotlin,kotlin-stdlib-common,1.9.0,true
github.com,square/okio,master,Gradle,,okio-nodefilesystem,,org.jetbrains.kotlin,kotlin-dom-api-compat,1.9.0,true
github.com,square/okio,master,Gradle,,okio-nodefilesystem,,com.squareup.okio,okio,3.6.0-SNAPSHOT,true
github.com,square/okio,master,Gradle,,okio-nodefilesystem,,org.jetbrains.kotlin,kotlin-stdlib-js,1.9.0,true
github.com,"StefanOltmann/gradle-git-versioning-plugin",master,Gradle,,"gradle-git-versioning-plugin",,org.eclipse.jgit,org.eclipse.jgit,5.12.0.202106070339-r,true
github.com,"StefanOltmann/gradle-git-versioning-plugin",master,Gradle,,"gradle-git-versioning-plugin",,org.jetbrains.kotlin,kotlin-stdlib,1.5.10,true
github.com,"nebula-plugins/gradle-lint-plugin",main,Gradle,,gradle-lint-plugin,,org.codehaus.gpars,gpars,1.2.1,true
github.com,"nebula-plugins/gradle-lint-plugin",main,Gradle,,gradle-lint-plugin,,org.eclipse.jgit,org.eclipse.jgit,5.0.1.201806211838-r,true
github.com,"nebula-plugins/gradle-lint-plugin",main,Gradle,,gradle-lint-plugin,,org.codenarc,CodeNarc,2.0.0,true
github.com,"nebula-plugins/gradle-lint-plugin",main,Gradle,,gradle-lint-plugin,,org.ow2.asm,asm-commons,9.5,true
github.com,"nebula-plugins/gradle-lint-plugin",main,Gradle,,gradle-lint-plugin,,org.ow2.asm,asm,9.5,true
github.com,"nebula-plugins/gradle-lint-plugin",main,Gradle,,gradle-lint-plugin,,com.netflix.nebula,nebula-test,10.5.0,true
github.com,"nebula-plugins/gradle-lint-plugin",main,Gradle,,gradle-lint-plugin,,org.eclipse.jdt,core,3.1.1,true
github.com,"nebula-plugins/gradle-lint-plugin",main,Gradle,,gradle-lint-plugin,,commons-lang,commons-lang,2.6,true
github.com,"nebula-plugins/gradle-lint-plugin",main,Gradle,,gradle-lint-plugin,,org.jetbrains.kotlin,kotlin-stdlib-jdk8,1.8.0,true
github.com,"nebula-plugins/gradle-lint-plugin",main,Gradle,,gradle-lint-plugin,,com.netflix.nebula,nebula-gradle-interop,2.1.1,true
github.com,"nebula-plugins/gradle-lint-plugin",main,Gradle,,gradle-lint-plugin,,dev.gradleplugins,gradle-api,7.6,true
github.com,"nebula-plugins/gradle-lint-plugin",main,Gradle,,gradle-lint-plugin,,org.apache.maven,maven-model-builder,3.8.3,true
github.com,"nebula-plugins/gradle-lint-plugin",main,Gradle,,gradle-lint-plugin,,com.google.guava,guava,19.0,true
github.com,"spring-projects/spring-kafka",main,Gradle,,spring-kafka-docs,,"com.fasterxml.jackson.core",jackson-databind,2.14.3,true
github.com,"spring-projects/spring-kafka",main,Gradle,,spring-kafka-docs,,"com.fasterxml.jackson.core",jackson-core,2.14.3,true
github.com,"spring-projects/spring-kafka",main,Gradle,,spring-kafka-docs,,org.assertj,assertj-core,3.23.1,true
github.com,"spring-projects/spring-kafka",main,Gradle,,spring-kafka-docs,,"org.springframework.kafka",spring-kafka,3.0.11-SNAPSHOT,true
github.com,"spring-projects/spring-kafka",main,Gradle,,spring-kafka-docs,,com.google.code.findbugs,jsr305,3.0.2,true
github.com,"spring-projects/spring-kafka",main,Gradle,,spring-kafka-docs,,org.jetbrains.kotlin,kotlin-stdlib,1.7.20,true
github.com,"spring-projects/spring-kafka",main,Gradle,,spring-kafka-docs,,org.springframework.boot,spring-boot-starter,3.0.9,true
github.com,joskar201/kotlin-neo4j,master,Gradle,,kotlin-neo4j,,org.neo4j.driver,neo4j-java-driver,4.2.1,true
github.com,joskar201/kotlin-neo4j,master,Gradle,,kotlin-neo4j,,org.jetbrains.kotlin,kotlin-stdlib-jdk7,1.4.32,true
github.com,joskar201/kotlin-neo4j,master,Gradle,,kotlin-neo4j,,org.jetbrains.kotlin,kotlin-reflect,1.4.32,true
github.com,joskar201/kotlin-neo4j,master,Gradle,,kotlin-neo4j,,org.slf4j,slf4j-api,1.7.30,true
github.com,joskar201/kotlin-neo4j,master,Gradle,,kotlin-neo4j,,org.neo4j,neo4j,4.2.1,true
github.com,"malaskowski/aet-modifier-template",master,Gradle,,aet-modifier-template,,"org.apache.httpcomponents",httpclient,4.5.3,true
github.com,"malaskowski/aet-modifier-template",master,Gradle,,aet-modifier-template,,org.osgi,org.osgi.annotation,6.0.0,true
github.com,"malaskowski/aet-modifier-template",master,Gradle,,aet-modifier-template,,com.cognifide.aet,jobs-api,3.2.2,true
github.com,"malaskowski/aet-modifier-template",master,Gradle,,aet-modifier-template,,org.apache.commons,commons-lang3,3.7,true
github.com,"malaskowski/aet-modifier-template",master,Gradle,,aet-modifier-template,,com.cognifide.aet,selenium,3.2.2,true
github.com,"malaskowski/aet-modifier-template",master,Gradle,,aet-modifier-template,,com.google.code.gson,gson,2.8.5,true
github.com,"malaskowski/aet-modifier-template",master,Gradle,,aet-modifier-template,,com.cognifide.aet,communication-api,3.2.2,true
github.com,"malaskowski/aet-modifier-template",master,Gradle,,aet-modifier-template,,org.jetbrains.kotlin,kotlin-stdlib-jdk8,1.3.61,true
github.com,"malaskowski/aet-modifier-template",master,Gradle,,aet-modifier-template,,org.jetbrains.kotlin,kotlin-reflect,1.3.61,true
github.com,"malaskowski/aet-modifier-template",master,Gradle,,aet-modifier-template,,org.slf4j,slf4j-api,1.7.7,true
github.com,"malaskowski/aet-modifier-template",master,Gradle,,aet-modifier-template,,com.google.guava,guava,25.1-jre,true
github.com,"malaskowski/aet-modifier-template",master,Gradle,,aet-modifier-template,,org.osgi,"org.osgi.service.metatype.annotations",1.3.0,true
github.com,"malaskowski/aet-modifier-template",master,Gradle,,aet-modifier-template,,org.osgi,"org.osgi.service.component.annotations",1.3.0,true
github.com,gradle/gcc2speedscope,master,Gradle,,gcc2speedscope,,com.github.erosb,everit-json-schema,1.14.2,true
github.com,gradle/gcc2speedscope,master,Gradle,,gcc2speedscope,,com.google.code.gson,gson,2.10.1,true
github.com,gradle/gcc2speedscope,master,Gradle,,gcc2speedscope,,org.jetbrains.kotlin,kotlin-bom,1.9.0,true
github.com,gradle/gcc2speedscope,master,Gradle,,gcc2speedscope,,org.jetbrains.kotlin,kotlin-stdlib-jdk8,1.9.0,true
github.com,gradle/gcc2speedscope,master,Gradle,,gcc2speedscope,,com.h2database,h2,2.2.220,true
github.com,gradle/gcc2speedscope,master,Gradle,,gcc2speedscope,,org.jetbrains.kotlinx,kotlinx-coroutines-core,1.7.3,true
github.com,"rodm/gradle-teamcity-plugin",main,Gradle,,gradle-teamcity-plugin,,com.github.docker-java,docker-java-core,3.2.13,true
github.com,"rodm/gradle-teamcity-plugin",main,Gradle,,gradle-teamcity-plugin,,"org.jetbrains.intellij.plugins",structure-base,3.190,true
github.com,"rodm/gradle-teamcity-plugin",main,Gradle,,gradle-teamcity-plugin,,"org.jetbrains.intellij.plugins",structure-teamcity,3.190,true
github.com,"rodm/gradle-teamcity-plugin",main,Gradle,,gradle-teamcity-plugin,,org.jetbrains.intellij,"plugin-repository-rest-client",2.0.20,true
github.com,"rodm/gradle-teamcity-plugin",main,Gradle,,gradle-teamcity-plugin,,de.undercouch,gradle-download-task,5.1.0,true
github.com,"rodm/gradle-teamcity-plugin",main,Gradle,,gradle-teamcity-plugin,,com.github.docker-java,"docker-java-transport-httpclient5",3.2.13,true
github.com,"rodm/gradle-teamcity-plugin",main,Gradle,,gradle-teamcity-plugin,,org.jetbrains,marketplace-zip-signer,0.1.8,true
github.com,Jhvictor4/gradle-plugins,main,Gradle,,example,,org.springframework.boot,spring-boot-starter-web,2.6.0,true
github.com,Jhvictor4/gradle-plugins,main,Gradle,,example,,org.springframework.boot,"spring-boot-starter-data-jpa",2.6.0,true
github.com,Jhvictor4/gradle-plugins,main,Gradle,,example,,org.jetbrains.kotlin,kotlin-stdlib-jdk8,1.6.0,true
github.com,"ekino/kotlin-quality-plugin",master,Gradle,,kotlin-quality-plugin,,"org.sonarsource.scanner.gradle",sonarqube-gradle-plugin,4.0.0.2929,true
github.com,"ekino/kotlin-quality-plugin",master,Gradle,,kotlin-quality-plugin,,org.jetbrains.kotlin,kotlin-stdlib-jdk8,1.8.20,true
github.com,"ekino/kotlin-quality-plugin",master,Gradle,,kotlin-quality-plugin,,"io.gitlab.arturbosch.detekt",detekt-gradle-plugin,1.23.1,true
github.com,"ekino/kotlin-quality-plugin",master,Gradle,,kotlin-quality-plugin,,org.jetbrains.kotlin,kotlin-reflect,1.8.20,true
github.com,"ekino/kotlin-quality-plugin",master,Gradle,,kotlin-quality-plugin,,"org.jlleitschuh.gradle.ktlint","org.jlleitschuh.gradle.ktlint.gradle.plugin",11.3.1,true
github.com,pubnub/java,master,Gradle,,pubnub-gson,,com.squareup.retrofit2,retrofit,2.6.2,true
github.com,pubnub/java,master,Gradle,,pubnub-gson,,"com.fasterxml.jackson.core",jackson-databind,2.14.2,true
github.com,pubnub/java,master,Gradle,,pubnub-gson,,"com.fasterxml.jackson.dataformat",jackson-dataformat-cbor,2.14.2,true
github.com,pubnub/java,master,Gradle,,pubnub-gson,,com.google.code.gson,gson,2.9.0,true
github.com,pubnub/java,master,Gradle,,pubnub-gson,,com.squareup.okhttp3,logging-interceptor,4.10.0,true
github.com,pubnub/java,master,Gradle,,pubnub-gson,,org.projectlombok,lombok,1.18.4,true
github.com,pubnub/java,master,Gradle,,pubnub-gson,,org.jetbrains.kotlin,kotlin-stdlib-jdk8,1.7.20,true
github.com,pubnub/java,master,Gradle,,pubnub-gson,,org.json,json,20230227,true
github.com,pubnub/java,master,Gradle,,pubnub-gson,,com.squareup.retrofit2,converter-gson,2.6.2,true
github.com,pubnub/java,master,Gradle,,pubnub-gson,,org.slf4j,slf4j-api,1.7.28,true
github.com,pubnub/java,master,Gradle,,pubnub-gson,,org.jetbrains,annotations,23.0.0,true
github.com,"bnorm/robocode-gradle-plugin",main,Gradle,,robocode-gradle-plugin,,com.github.johnrengelman,shadow,8.1.1,true
github.com,"bnorm/robocode-gradle-plugin",main,Gradle,,robocode-gradle-plugin,,org.jetbrains.kotlin,kotlin-stdlib-jdk8,1.8.10,true
github.com,"bnorm/robocode-gradle-plugin",main,Gradle,,robocode-gradle-plugin,,"com.fasterxml.jackson.module",jackson-module-kotlin,2.12.0,true
github.com,"bnorm/robocode-gradle-plugin",main,Gradle,,robocode-gradle-plugin,,"com.fasterxml.jackson.dataformat",jackson-dataformat-xml,2.12.0,true
github.com,"bnorm/robocode-gradle-plugin",main,Gradle,,robocode-gradle-plugin,,org.jetbrains.kotlin,kotlin-reflect,1.8.10,true
github.com,"bnorm/robocode-gradle-plugin",main,Gradle,,robocode-gradle-plugin,,com.squareup.okhttp3,okhttp,4.11.0,true
github.com,Starlight220/KoJni,main,Gradle,,Starlight220_KoJni_main,,org.jetbrains.kotlin,kotlin-stdlib-jdk8,1.4.20,true
github.com,Gleethos/neureka,master,Gradle,,neureka,,org.jocl,jocl,2.0.5,true
github.com,Gleethos/neureka,master,Gradle,,neureka,,org.slf4j,slf4j-api,2.0.7,true
github.com,MrBergin/arch-unit-tests,master,Gradle,,arch-unit-tests,,org.jetbrains.kotlin,kotlin-stdlib-jdk8,1.5.31,true
github.com,MrBergin/arch-unit-tests,master,Gradle,,arch-unit-tests,,dev.mrbergin,run-dependency-tests,0.0.1,true
github.com,MrBergin/arch-unit-tests,master,Gradle,,arch-unit-tests,,org.jetbrains.kotlin,kotlin-reflect,1.5.31,true
github.com,"saltedfishclub/oni-gradle-plugin",master,Gradle,,Oni-Gradle-Plugin,,org.jetbrains.kotlin,kotlin-stdlib,1.4.10,true
github.com,"saltedfishclub/oni-gradle-plugin",master,Gradle,,Oni-Gradle-Plugin,,org.jetbrains.kotlinx,"kotlinx-serialization-json",1.0.1,true
github.com,"Heapy/heapy-properties-gradle-plugin",master,Gradle,,"Heapy_heapy-properties-gradle-plugin_master",,org.jetbrains.kotlin,kotlin-stdlib-jdk8,1.3.72,true
github.com,"Heapy/heapy-properties-gradle-plugin",master,Gradle,,"Heapy_heapy-properties-gradle-plugin_master",,org.jetbrains.kotlin,kotlin-reflect,1.3.72,true
github.com,Foso/Cabret-Log,master,Gradle,,"cabret-compiler-plugin-native",,"de.jensklingenberg.cabret",cabret-compiler-runtime,1.0.4,true
github.com,Foso/Cabret-Log,master,Gradle,,"cabret-compiler-plugin-native",,org.jetbrains.kotlin,kotlin-compiler,1.5.10,true
github.com,Foso/Cabret-Log,master,Gradle,,"cabret-compiler-plugin-native",,com.google.auto.service,auto-service,1.0-rc7,true
github.com,Foso/Cabret-Log,master,Gradle,,"cabret-compiler-plugin-native",,org.jetbrains.kotlin,kotlin-stdlib,1.5.10,true
github.com,Foso/Cabret-Log,master,Gradle,,cabret-compiler-runtime,,org.jetbrains.kotlin,kotlin-stdlib,1.5.10,true
github.com,Foso/Cabret-Log,master,Gradle,,cabret-compiler-runtime,,"de.jensklingenberg.cabret",cabret-log-jvm,1.0.4,true
github.com,Foso/Cabret-Log,master,Gradle,,cabret-compiler-runtime,,org.jetbrains.kotlin,"kotlin-compiler-embeddable",1.5.10,true
github.com,Foso/Cabret-Log,master,Gradle,,cabret-compiler-plugin,,"de.jensklingenberg.cabret",cabret-compiler-runtime,1.0.4,true
github.com,Foso/Cabret-Log,master,Gradle,,cabret-compiler-plugin,,com.google.auto.service,auto-service,1.0-rc7,true
github.com,Foso/Cabret-Log,master,Gradle,,cabret-compiler-plugin,,org.jetbrains.kotlin,kotlin-stdlib,1.5.10,true
github.com,Foso/Cabret-Log,master,Gradle,,cabret-compiler-plugin,,org.jetbrains.kotlin,"kotlin-compiler-embeddable",1.5.10,true
github.com,Mics21/localinfra,main,Gradle,,localInfraPlugin,,io.fabric8,kubernetes-client,6.0.0,true
github.com,Mics21/localinfra,main,Gradle,,localInfraPlugin,,org.jetbrains.kotlin,kotlin-stdlib,1.5.21,true
github.com,Mics21/localinfra,main,Gradle,,localInfraPlugin,,org.jetbrains.kotlin,kotlin-gradle-plugin,1.5.21,true
github.com,"ptkltm/com.github.ptkltm.development.recursiveinclude.gradleplugin",master,Gradle,,"ptkltm_com.github.ptkltm.development.recursiveinclude.gradleplugin_master",,org.jetbrains.kotlin,kotlin-stdlib-jdk8,1.4.10,true
github.com,"testaxis/coverage-per-test-gradle-plugin",master,Gradle,,runtime,,org.jetbrains.kotlin,kotlin-stdlib,1.3.72,true
github.com,"testaxis/coverage-per-test-gradle-plugin",master,Gradle,,runtime,,org.junit.jupiter,junit-jupiter-api,5.7.0,true
github.com,"PixelOutlaw/buildconfig-gradle-plugin",main,Gradle,,sample-kotlin,,org.jetbrains.kotlin,kotlin-stdlib-jdk8,1.4.32,true
github.com,"PixelOutlaw/buildconfig-gradle-plugin",main,Gradle,,sample-groovy,,org.jetbrains.kotlin,kotlin-stdlib-jdk8,1.4.32,true
github.com,"StareStarrySky/site-gradle-plugin",main,Gradle,,plugin,,org.jetbrains.kotlin,kotlin-stdlib,1.4.21,true
github.com,"StareStarrySky/site-gradle-plugin",main,Gradle,,plugin,,org.jetbrains.kotlin,kotlin-bom,1.4.21,true
github.com,"StareStarrySky/site-gradle-plugin",main,Gradle,,plugin,,org.jetbrains.kotlin,kotlin-reflect,1.4.21,true
github.com,"StareStarrySky/site-gradle-plugin",main,Gradle,,plugin,,org.kohsuke,github-api,1.123,true
github.com,"lukecmstevens/release-helper",main,Gradle,,release-helper,,org.jetbrains.kotlin,kotlin-bom,1.5.32,true
github.com,"lukecmstevens/release-helper",main,Gradle,,release-helper,,org.jetbrains.kotlin,kotlin-stdlib-jdk8,1.5.32,true
github.com,"reimersoftware/spark-gradle-plugin",master,Gradle,,spark-gradle-plugin,,org.jetbrains.kotlin,kotlin-stdlib,1.3.71,true
github.com,"reimersoftware/spark-gradle-plugin",master,Gradle,,spark-gradle-plugin,,org.apache.spark,spark-launcher_2.12,2.4.4,true
github.com,"ekino/gradle-docker-plugin",master,Gradle,,gradle-docker-plugin,,com.avast.gradle,"gradle-docker-compose-plugin",0.14.9,true
github.com,"ekino/gradle-docker-plugin",master,Gradle,,gradle-docker-plugin,,org.jetbrains.kotlin,kotlin-stdlib-jdk8,1.7.22,true
github.com,rahulsom/waena,master,Gradle,,plugin,,io.codearte.gradle.nexus,"gradle-nexus-staging-plugin",0.30.0,true
github.com,rahulsom/waena,master,Gradle,,plugin,,com.netflix.nebula,nebula-publishing-plugin,20.3.0,true
github.com,rahulsom/waena,master,Gradle,,plugin,,com.netflix.nebula,gradle-contacts-plugin,7.0.1,true
github.com,rahulsom/waena,master,Gradle,,plugin,,de.marcphilipp.gradle,nexus-publish-plugin,0.4.0,true
github.com,rahulsom/waena,master,Gradle,,plugin,,org.jetbrains.kotlin,kotlin-stdlib-jdk8,1.9.0,true
github.com,rahulsom/waena,master,Gradle,,plugin,,org.jetbrains.kotlin,kotlin-reflect,1.9.0,true
github.com,rahulsom/waena,master,Gradle,,plugin,,com.netflix.nebula,gradle-info-plugin,12.1.6,true
github.com,rahulsom/waena,master,Gradle,,plugin,,com.netflix.nebula,nebula-release-plugin,17.2.2,true
github.com,rahulsom/waena,master,Gradle,,plugin,,"gradle.plugin.com.dorongold.plugins",task-tree,1.5,true
github.com,square/retrofit,master,Gradle,,test-helpers,,com.squareup.retrofit2,retrofit,2.10.0-SNAPSHOT,true
github.com,square/retrofit,master,Gradle,,test-helpers,,com.google.code.findbugs,jsr305,3.0.2,true
github.com,square/retrofit,master,Gradle,,jaxb3,,com.squareup.retrofit2,retrofit,2.10.0-SNAPSHOT,true
github.com,square/retrofit,master,Gradle,,jaxb3,,com.google.code.findbugs,jsr305,3.0.2,true
github.com,square/retrofit,master,Gradle,,jaxb3,,jakarta.xml.bind,jakarta.xml.bind-api,3.0.1,true
github.com,square/retrofit,master,Gradle,,robovm-test,,com.squareup.retrofit2,retrofit,2.10.0-SNAPSHOT,true
github.com,square/retrofit,master,Gradle,,robovm-test,,com.mobidevelop.robovm,robovm-rt,2.3.14,true
github.com,square/retrofit,master,Gradle,,simplexml,,com.squareup.retrofit2,retrofit,2.10.0-SNAPSHOT,true
github.com,square/retrofit,master,Gradle,,simplexml,,org.simpleframework,simple-xml,2.7.1,true
github.com,square/retrofit,master,Gradle,,simplexml,,com.google.code.findbugs,jsr305,3.0.2,true
github.com,square/retrofit,master,Gradle,,jackson,,com.squareup.retrofit2,retrofit,2.10.0-SNAPSHOT,true
github.com,square/retrofit,master,Gradle,,jackson,,"com.fasterxml.jackson.core",jackson-databind,2.15.2,true
github.com,square/retrofit,master,Gradle,,jackson,,com.google.code.findbugs,jsr305,3.0.2,true
github.com,square/retrofit,master,Gradle,,protobuf,,com.squareup.retrofit2,retrofit,2.10.0-SNAPSHOT,true
github.com,square/retrofit,master,Gradle,,protobuf,,com.google.protobuf,protobuf-java,3.24.1,true
github.com,square/retrofit,master,Gradle,,protobuf,,com.google.code.findbugs,jsr305,3.0.2,true
github.com,square/retrofit,master,Gradle,,scala,,com.squareup.retrofit2,retrofit,2.10.0-SNAPSHOT,true
github.com,square/retrofit,master,Gradle,,scala,,com.google.code.findbugs,jsr305,3.0.2,true
github.com,square/retrofit,master,Gradle,,scala,,org.scala-lang,scala-library,2.13.11,true
github.com,square/retrofit,master,Gradle,,guava,,com.squareup.retrofit2,retrofit,2.10.0-SNAPSHOT,true
github.com,square/retrofit,master,Gradle,,guava,,com.google.code.findbugs,jsr305,3.0.2,true
github.com,square/retrofit,master,Gradle,,guava,,com.google.guava,guava,32.1.2-jre,true
github.com,square/retrofit,master,Gradle,,guava,,com.squareup.retrofit2,retrofit,2.10.0-SNAPSHOT,true
github.com,square/retrofit,master,Gradle,,guava,,com.google.code.findbugs,jsr305,3.0.2,true
github.com,square/retrofit,master,Gradle,,guava,,com.google.guava,guava,32.1.2-jre,true
github.com,square/retrofit,master,Gradle,,rxjava,,com.squareup.retrofit2,retrofit,2.10.0-SNAPSHOT,true
github.com,square/retrofit,master,Gradle,,rxjava,,com.google.code.findbugs,jsr305,3.0.2,true
github.com,square/retrofit,master,Gradle,,rxjava,,io.reactivex,rxjava,1.3.8,true
github.com,square/retrofit,master,Gradle,,retrofit,,com.google.code.findbugs,jsr305,3.0.2,true
github.com,square/retrofit,master,Gradle,,retrofit,,org.jetbrains.kotlin,kotlin-stdlib,1.9.10,true
github.com,square/retrofit,master,Gradle,,retrofit,,org.jetbrains.kotlinx,kotlinx-coroutines-core,1.7.3,true
github.com,square/retrofit,master,Gradle,,retrofit,,com.squareup.okhttp3,okhttp,3.14.9,true
github.com,square/retrofit,master,Gradle,,retrofit,,com.google.android,android,4.1.1.4,true
github.com,square/retrofit,master,Gradle,,retrofit,,org.codehaus.mojo,"animal-sniffer-annotations",1.23,true
github.com,square/retrofit,master,Gradle,,moshi,,com.squareup.retrofit2,retrofit,2.10.0-SNAPSHOT,true
github.com,square/retrofit,master,Gradle,,moshi,,com.squareup.moshi,moshi,1.15.0,true
github.com,square/retrofit,master,Gradle,,moshi,,com.google.code.findbugs,jsr305,3.0.2,true
github.com,square/retrofit,master,Gradle,,scalars,,com.squareup.retrofit2,retrofit,2.10.0-SNAPSHOT,true
github.com,square/retrofit,master,Gradle,,scalars,,com.google.code.findbugs,jsr305,3.0.2,true
github.com,square/retrofit,master,Gradle,,jaxb,,com.squareup.retrofit2,retrofit,2.10.0-SNAPSHOT,true
github.com,square/retrofit,master,Gradle,,jaxb,,javax.xml.bind,jaxb-api,2.3.1,true
github.com,square/retrofit,master,Gradle,,jaxb,,com.google.code.findbugs,jsr305,3.0.2,true
github.com,square/retrofit,master,Gradle,,samples,,org.jsoup,jsoup,1.16.1,true
github.com,square/retrofit,master,Gradle,,samples,,com.squareup.retrofit2,retrofit,2.10.0-SNAPSHOT,true
github.com,square/retrofit,master,Gradle,,samples,,com.squareup.retrofit2,gson,2.10.0-SNAPSHOT,true
github.com,square/retrofit,master,Gradle,,samples,,com.squareup.retrofit2,retrofit-mock,2.10.0-SNAPSHOT,true
github.com,square/retrofit,master,Gradle,,samples,,com.google.code.findbugs,jsr305,3.0.2,true
github.com,square/retrofit,master,Gradle,,samples,,com.squareup.retrofit2,simplexml,2.10.0-SNAPSHOT,true
github.com,square/retrofit,master,Gradle,,samples,,com.squareup.retrofit2,moshi,2.10.0-SNAPSHOT,true
github.com,square/retrofit,master,Gradle,,samples,,com.squareup.retrofit2,rxjava,2.10.0-SNAPSHOT,true
github.com,square/retrofit,master,Gradle,,samples,,com.squareup.okhttp3,mockwebserver,3.14.9,true
github.com,square/retrofit,master,Gradle,,samples,,com.google.guava,guava,32.1.2-jre,true
github.com,square/retrofit,master,Gradle,,retrofit-mock,,com.squareup.retrofit2,retrofit,2.10.0-SNAPSHOT,true
github.com,square/retrofit,master,Gradle,,retrofit-mock,,com.google.code.findbugs,jsr305,3.0.2,true
github.com,square/retrofit,master,Gradle,,retrofit-mock,,org.jetbrains.kotlin,kotlin-stdlib,1.9.10,true
github.com,square/retrofit,master,Gradle,,wire,,com.squareup.retrofit2,retrofit,2.10.0-SNAPSHOT,true
github.com,square/retrofit,master,Gradle,,wire,,com.squareup.wire,wire-runtime,2.2.0,true
github.com,square/retrofit,master,Gradle,,wire,,com.google.code.findbugs,jsr305,3.0.2,true
github.com,square/retrofit,master,Gradle,,gson,,com.squareup.retrofit2,retrofit,2.10.0-SNAPSHOT,true
github.com,square/retrofit,master,Gradle,,gson,,com.google.code.findbugs,jsr305,3.0.2,true
github.com,square/retrofit,master,Gradle,,gson,,com.google.code.gson,gson,2.10.1,true
github.com,square/retrofit,master,Gradle,,rxjava3,,io.reactivex.rxjava3,rxjava,3.1.7,true
github.com,square/retrofit,master,Gradle,,rxjava3,,com.squareup.retrofit2,retrofit,2.10.0-SNAPSHOT,true
github.com,square/retrofit,master,Gradle,,rxjava3,,com.google.code.findbugs,jsr305,3.0.2,true
github.com,square/retrofit,master,Gradle,,rxjava3,,org.reactivestreams,reactive-streams,1.0.4,true
github.com,square/retrofit,master,Gradle,,java8,,com.squareup.retrofit2,retrofit,2.10.0-SNAPSHOT,true
github.com,square/retrofit,master,Gradle,,java8,,com.google.code.findbugs,jsr305,3.0.2,true
github.com,square/retrofit,master,Gradle,,java8,,com.squareup.retrofit2,retrofit,2.10.0-SNAPSHOT,true
github.com,square/retrofit,master,Gradle,,java8,,com.google.code.findbugs,jsr305,3.0.2,true
github.com,square/retrofit,master,Gradle,,rxjava2,,com.squareup.retrofit2,retrofit,2.10.0-SNAPSHOT,true
github.com,square/retrofit,master,Gradle,,rxjava2,,com.google.code.findbugs,jsr305,3.0.2,true
github.com,square/retrofit,master,Gradle,,rxjava2,,org.reactivestreams,reactive-streams,1.0.4,true
github.com,square/retrofit,master,Gradle,,rxjava2,,io.reactivex.rxjava2,rxjava,2.2.21,true
github.com,TouK/sputnik,master,Gradle,,sputnik,,"org.apache.httpcomponents",httpclient,4.5.8,true
github.com,TouK/sputnik,master,Gradle,,sputnik,,"com.urswolfer.gerrit.client.rest",gerrit-rest-java-client,0.9.3,true
github.com,TouK/sputnik,master,Gradle,,sputnik,,org.eclipse.jgit,org.eclipse.jgit,5.5.1.201910021850-r,true
github.com,TouK/sputnik,master,Gradle,,sputnik,,com.jcabi,jcabi-github,1.0,true
github.com,TouK/sputnik,master,Gradle,,sputnik,,org.codehaus.groovy,groovy,2.3.4,true
github.com,TouK/sputnik,master,Gradle,,sputnik,,org.projectlombok,lombok,1.18.4,true
github.com,TouK/sputnik,master,Gradle,,sputnik,,xerces,xercesImpl,2.9.1,true
github.com,TouK/sputnik,master,Gradle,,sputnik,,org.zeroturnaround,zt-exec,1.8,true
github.com,TouK/sputnik,master,Gradle,,sputnik,,com.beust,jcommander,1.78,true
github.com,TouK/sputnik,master,Gradle,,sputnik,,pl.touk,jshint4j,2.9.5,true
github.com,TouK/sputnik,master,Gradle,,sputnik,,com.intellij,annotations,12.0,true
github.com,TouK/sputnik,master,Gradle,,sputnik,,org.jetbrains.kotlin,kotlin-stdlib-jdk8,1.7.0,true
github.com,TouK/sputnik,master,Gradle,,sputnik,,org.glassfish,javax.json,1.0.4,true
github.com,TouK/sputnik,master,Gradle,,sputnik,,commons-cli,commons-cli,1.4,true
github.com,TouK/sputnik,master,Gradle,,sputnik,,"com.github.spullara.mustache.java",compiler,0.8.17,true
github.com,TouK/sputnik,master,Gradle,,sputnik,,commons-io,commons-io,2.4,true
github.com,TouK/sputnik,master,Gradle,,sputnik,,com.pinterest.ktlint,ktlint-core,0.45.2,true
github.com,TouK/sputnik,master,Gradle,,sputnik,,com.github.spotbugs,spotbugs,4.2.0,true
github.com,TouK/sputnik,master,Gradle,,sputnik,,org.slf4j,log4j-over-slf4j,1.7.26,true
github.com,TouK/sputnik,master,Gradle,,sputnik,,org.codenarc,CodeNarc,1.4,true
github.com,TouK/sputnik,master,Gradle,,sputnik,,"com.googlecode.jslint4java",jslint4java,2.0.5,true
github.com,TouK/sputnik,master,Gradle,,sputnik,,jaxen,jaxen,1.2.0,true
github.com,TouK/sputnik,master,Gradle,,sputnik,,net.sourceforge.pmd,pmd-java,6.0.0,true
github.com,TouK/sputnik,master,Gradle,,sputnik,,ch.qos.logback,logback-classic,1.2.3,true
github.com,TouK/sputnik,master,Gradle,,sputnik,,org.slf4j,slf4j-api,1.7.32,true
github.com,TouK/sputnik,master,Gradle,,sputnik,,com.puppycrawl.tools,checkstyle,8.1,true
github.com,TouK/sputnik,master,Gradle,,sputnik,,com.pinterest.ktlint,ktlint-ruleset-standard,0.45.2,true
github.com,TouK/sputnik,master,Gradle,,sputnik,,"com.fasterxml.jackson.core",jackson-databind,2.3.0,true
github.com,TouK/sputnik,master,Gradle,,sputnik,,com.jayway.jsonpath,json-path,2.4.0,true
github.com,TouK/sputnik,master,Gradle,,sputnik,,org.scalastyle,scalastyle_2.10,0.4.0,true
github.com,TouK/sputnik,master,Gradle,,sputnik,,"io.gitlab.arturbosch.detekt",detekt-tooling,1.20.0,true
github.com,"ArcticLampyrid/gradle-git-version",main,Gradle,,gradle-git-version,,org.eclipse.jgit,org.eclipse.jgit,5.13.0.202109080827-r,true
github.com,"ArcticLampyrid/gradle-git-version",main,Gradle,,gradle-git-version,,org.jetbrains.kotlin,kotlin-stdlib-jdk7,1.6.10,true
github.com,"ArcticLampyrid/gradle-git-version",main,Gradle,,gradle-git-version,,org.slf4j,slf4j-api,1.7.30,true
github.com,"BeLeap/resnet-kotlin-armeria",main,Gradle,,resnet-kotlin-armeria,,io.grpc,grpc-protobuf,1.46.0,true
github.com,"BeLeap/resnet-kotlin-armeria",main,Gradle,,resnet-kotlin-armeria,,com.linecorp.armeria,armeria-grpc,1.16.0,true
github.com,"BeLeap/resnet-kotlin-armeria",main,Gradle,,resnet-kotlin-armeria,,"com.microsoft.onnxruntime",onnxruntime,1.11.0,true
github.com,"BeLeap/resnet-kotlin-armeria",main,Gradle,,resnet-kotlin-armeria,,com.linecorp.armeria,armeria-logback,1.16.0,true
github.com,"BeLeap/resnet-kotlin-armeria",main,Gradle,,resnet-kotlin-armeria,,com.linecorp.armeria,armeria,1.16.0,true
github.com,"BeLeap/resnet-kotlin-armeria",main,Gradle,,resnet-kotlin-armeria,,com.linecorp.armeria,armeria-kotlin,1.16.0,true
github.com,"BeLeap/resnet-kotlin-armeria",main,Gradle,,resnet-kotlin-armeria,,com.linecorp.armeria,armeria-bom,1.16.0,true
github.com,"BeLeap/resnet-kotlin-armeria",main,Gradle,,resnet-kotlin-armeria,,io.grpc,grpc-kotlin-stub,1.2.1,true
github.com,"BeLeap/resnet-kotlin-armeria",main,Gradle,,resnet-kotlin-armeria,,org.jetbrains.kotlin,kotlin-stdlib-jdk8,1.6.20,true
github.com,"BeLeap/resnet-kotlin-armeria",main,Gradle,,resnet-kotlin-armeria,,org.jetbrains.kotlinx,kotlinx-coroutines-core,1.6.1,true
github.com,"BeLeap/resnet-kotlin-armeria",main,Gradle,,resnet-kotlin-armeria,,com.google.protobuf,protobuf-kotlin,3.20.1,true
github.com,"BeLeap/resnet-kotlin-armeria",main,Gradle,,resnet-kotlin-armeria,,com.linecorp.armeria,armeria-protobuf,1.16.0,true
github.com,"patrick-choe/mojang-spigot-remapper",main,Gradle,,mojang-spigot-remapper,,net.md-5,SpecialSource,1.11.0,true
github.com,"patrick-choe/mojang-spigot-remapper",main,Gradle,,mojang-spigot-remapper,,org.jetbrains.kotlin,kotlin-stdlib,1.8.10,true
github.com,chao2zhang/Xuke,main,Gradle,,example-jvm,,org.jetbrains.kotlin,kotlin-stdlib,1.5.31,true
github.com,"nebula-plugins/gradle-java-cross-compile-plugin",main,Gradle,,"gradle-java-cross-compile-plugin",,org.jetbrains.kotlin,kotlin-compiler-runner,1.8.0,true
github.com,"nebula-plugins/gradle-java-cross-compile-plugin",main,Gradle,,"gradle-java-cross-compile-plugin",,org.jetbrains.kotlin,kotlin-gradle-plugin,1.8.0,true
github.com,"nebula-plugins/gradle-java-cross-compile-plugin",main,Gradle,,"gradle-java-cross-compile-plugin",,org.jetbrains.kotlin,"kotlin-annotation-processing-gradle",1.8.0,true
github.com,"nebula-plugins/gradle-java-cross-compile-plugin",main,Gradle,,"gradle-java-cross-compile-plugin",,org.jetbrains.kotlin,kotlin-stdlib-jdk8,1.8.0,true
github.com,"nebula-plugins/gradle-java-cross-compile-plugin",main,Gradle,,"gradle-java-cross-compile-plugin",,com.netflix.nebula,nebula-gradle-interop,2.1.1,true
github.com,"nebula-plugins/gradle-java-cross-compile-plugin",main,Gradle,,"gradle-java-cross-compile-plugin",,org.jetbrains.kotlin,kotlin-reflect,1.8.0,true
github.com,"nebula-plugins/gradle-java-cross-compile-plugin",main,Gradle,,"gradle-java-cross-compile-plugin",,org.jetbrains.kotlin,"kotlin-android-extensions",1.8.0,true
github.com,"nebula-plugins/gradle-java-cross-compile-plugin",main,Gradle,,"gradle-java-cross-compile-plugin",,org.jetbrains.kotlin,"kotlin-compiler-embeddable",1.8.0,true
github.com,"skhatri/gradle-reposet-plugin",main,Gradle,,"com.github.skhatri.reposet.gradle.plugin",,"com.fasterxml.jackson.core",jackson-databind,2.12.4,true
github.com,"skhatri/gradle-reposet-plugin",main,Gradle,,"com.github.skhatri.reposet.gradle.plugin",,"com.fasterxml.jackson.core",jackson-core,2.12.4,true
github.com,"skhatri/gradle-reposet-plugin",main,Gradle,,"com.github.skhatri.reposet.gradle.plugin",,"org.sonarsource.scanner.gradle",sonarqube-gradle-plugin,2.8,true
github.com,"skhatri/gradle-reposet-plugin",main,Gradle,,"com.github.skhatri.reposet.gradle.plugin",,"com.fasterxml.jackson.dataformat",jackson-dataformat-yaml,2.12.4,true
github.com,"skhatri/gradle-reposet-plugin",main,Gradle,,"com.github.skhatri.reposet.gradle.plugin",,org.jetbrains.kotlin,kotlin-stdlib-jdk8,1.5.21,true
github.com,"skhatri/gradle-reposet-plugin",main,Gradle,,"com.github.skhatri.reposet.gradle.plugin",,"com.fasterxml.jackson.module",jackson-module-kotlin,2.12.4,true
github.com,"skhatri/gradle-reposet-plugin",main,Gradle,,"com.github.skhatri.reposet.gradle.plugin",,"com.fasterxml.jackson.datatype",jackson-datatype-jsr310,2.12.4,true
github.com,"skhatri/gradle-reposet-plugin",main,Gradle,,"com.github.skhatri.reposet.gradle.plugin",,org.jetbrains.kotlin,kotlin-reflect,1.5.21,true
github.com,"hndrs/gradle-publishing-info-plugin",main,Gradle,,"hndrs_gradle-publishing-info-plugin_main",,org.jetbrains.kotlin,kotlin-stdlib-jdk8,1.8.10,true
github.com,"hndrs/gradle-publishing-info-plugin",main,Gradle,,"hndrs_gradle-publishing-info-plugin_main",,org.jetbrains.kotlin,kotlin-reflect,1.8.10,true
github.com,"jetbrains/gradle-idea-ext-plugin",master,Gradle,,gradle-idea-ext,,com.google.code.gson,gson,2.8.6,true
github.com,"jetbrains/gradle-idea-ext-plugin",master,Gradle,,gradle-idea-ext,,com.google.guava,guava,28.2-jre,true
github.com,"monnage/gradle-test-report",master,Gradle,,gradle-test-report,,org.jetbrains.kotlin,kotlin-stdlib-jdk8,1.3.50,true
github.com,"monnage/gradle-test-report",master,Gradle,,gradle-test-report,,org.jetbrains.kotlin,kotlin-reflect,1.3.50,true
github.com,"Liftric/vault-client-plugin",master,Gradle,,vault-client-plugin,,com.bettercloud,vault-java-driver,5.1.0,true
github.com,"Liftric/vault-client-plugin",master,Gradle,,vault-client-plugin,,org.jetbrains.kotlin,kotlin-gradle-plugin,1.5.31,true
github.com,"Liftric/vault-client-plugin",master,Gradle,,vault-client-plugin,,org.jetbrains.kotlin,kotlin-stdlib-jdk8,1.5.31,true
github.com,"Liftric/vault-client-plugin",master,Gradle,,vault-client-plugin,,org.jetbrains.kotlin,kotlin-reflect,1.5.31,true
github.com,"googlemaps/android-v3-migration",main,Gradle,,v3-beta-migration,,org.jetbrains.kotlin,kotlin-stdlib-jdk7,1.5.31,true
github.com,"googlemaps/android-v3-migration",main,Gradle,,v3-beta-migration,,com.android.tools.build,gradle,7.0.2,true
github.com,gradle-plugins/toolbox,main,Gradle,,"gradle-fixtures-version-control-system",,org.apache.commons,commons-lang3,3.9,true
github.com,gradle-plugins/toolbox,main,Gradle,,"gradle-fixtures-version-control-system",,org.eclipse.jgit,org.eclipse.jgit,5.8.0.202006091008-r,true
github.com,gradle-plugins/toolbox,main,Gradle,,"gradle-fixtures-version-control-system",,dev.gradleplugins,"gradle-fixtures-file-system",0.0.140,true
github.com,gradle-plugins/toolbox,main,Gradle,,"gradle-fixtures-version-control-system",,commons-io,commons-io,2.6,true
github.com,gradle-plugins/toolbox,main,Gradle,,gradle-runner-kit,,dev.gradleplugins,gradle-runner-kit-api,0.0.140,true
github.com,gradle-plugins/toolbox,main,Gradle,,gradle-runner-kit,,dev.gradleplugins,"gradle-runner-kit-wrapper-impl",0.0.140,true
github.com,gradle-plugins/toolbox,main,Gradle,,gradle-runner-kit,,dev.gradleplugins,"gradle-runner-kit-test-kit-impl",0.0.140,true
github.com,gradle-plugins/toolbox,main,Gradle,,"gradle-fixtures-file-system",,commons-io,commons-io,2.6,true
github.com,gradle-plugins/toolbox,main,Gradle,,"gradle-fixtures-file-system",,com.google.guava,guava,28.2-jre,true
github.com,gradle-plugins/toolbox,main,Gradle,,gradle-runner-kit-impl,,dev.gradleplugins,gradle-runner-kit-api,0.0.140,true
github.com,gradle-plugins/toolbox,main,Gradle,,gradle-runner-kit-impl,,org.apache.commons,commons-lang3,3.9,true
github.com,gradle-plugins/toolbox,main,Gradle,,gradle-runner-kit-impl,,net.rubygrapefruit,"ansi-control-sequence-util",0.3,true
github.com,gradle-plugins/toolbox,main,Gradle,,gradle-runner-kit-impl,,org.apache.commons,commons-exec,1.3,true
github.com,gradle-plugins/toolbox,main,Gradle,,gradle-runner-kit-impl,,org.projectlombok,lombok,1.18.12,true
github.com,gradle-plugins/toolbox,main,Gradle,,gradle-runner-kit-impl,,dev.gradleplugins,"gradle-fixtures-file-system",0.0.140,true
github.com,gradle-plugins/toolbox,main,Gradle,,gradle-runner-kit-impl,,dev.gradleplugins,gradle-api,6.2.1,true
github.com,gradle-plugins/toolbox,main,Gradle,,gradle-runner-kit-impl,,commons-io,commons-io,2.6,true
github.com,gradle-plugins/toolbox,main,Gradle,,gradle-runner-kit-impl,,com.google.guava,guava,28.2-jre,true
github.com,gradle-plugins/toolbox,main,Gradle,,"gradle-runner-kit-test-kit-impl",,dev.gradleplugins,gradle-runner-kit-api,0.0.140,true
github.com,gradle-plugins/toolbox,main,Gradle,,"gradle-runner-kit-test-kit-impl",,dev.gradleplugins,gradle-runner-kit-impl,0.0.140,true
github.com,gradle-plugins/toolbox,main,Gradle,,"gradle-runner-kit-test-kit-impl",,org.projectlombok,lombok,1.18.12,true
github.com,gradle-plugins/toolbox,main,Gradle,,"gradle-runner-kit-test-kit-impl",,dev.gradleplugins,"gradle-fixtures-file-system",0.0.140,true
github.com,gradle-plugins/toolbox,main,Gradle,,"gradle-runner-kit-test-kit-impl",,dev.gradleplugins,gradle-test-kit,6.2.1,true
github.com,gradle-plugins/toolbox,main,Gradle,,gradle-runner-kit-api,,com.google.code.findbugs,jsr305,3.0.2,true
github.com,gradle-plugins/toolbox,main,Gradle,,gradle-runner-kit-api,,org.projectlombok,lombok,1.18.12,true
github.com,gradle-plugins/toolbox,main,Gradle,,gradle-runner-kit-api,,dev.gradleplugins,"gradle-fixtures-file-system",0.0.140,true
github.com,gradle-plugins/toolbox,main,Gradle,,"gradle-fixtures-source-elements",,org.apache.commons,commons-lang3,3.9,true
github.com,gradle-plugins/toolbox,main,Gradle,,"gradle-fixtures-source-elements",,org.projectlombok,lombok,1.18.12,true
github.com,gradle-plugins/toolbox,main,Gradle,,"gradle-fixtures-source-elements",,dev.gradleplugins,"gradle-fixtures-file-system",0.0.140,true
github.com,gradle-plugins/toolbox,main,Gradle,,"gradle-fixtures-source-elements",,commons-io,commons-io,2.6,true
github.com,gradle-plugins/toolbox,main,Gradle,,"gradle-fixtures-source-elements",,com.google.guava,guava,28.2-jre,true
github.com,gradle-plugins/toolbox,main,Gradle,,"gradle-runner-kit-wrapper-impl",,dev.gradleplugins,gradle-runner-kit-api,0.0.140,true
github.com,gradle-plugins/toolbox,main,Gradle,,"gradle-runner-kit-wrapper-impl",,org.apache.commons,commons-lang3,3.9,true
github.com,gradle-plugins/toolbox,main,Gradle,,"gradle-runner-kit-wrapper-impl",,dev.gradleplugins,gradle-runner-kit-impl,0.0.140,true
github.com,gradle-plugins/toolbox,main,Gradle,,"gradle-runner-kit-wrapper-impl",,org.apache.commons,commons-exec,1.3,true
github.com,gradle-plugins/toolbox,main,Gradle,,"gradle-runner-kit-wrapper-impl",,org.projectlombok,lombok,1.18.12,true
github.com,gradle-plugins/toolbox,main,Gradle,,"gradle-runner-kit-wrapper-impl",,dev.gradleplugins,"gradle-fixtures-file-system",0.0.140,true
github.com,gradle-plugins/toolbox,main,Gradle,,"gradle-runner-kit-wrapper-impl",,commons-io,commons-io,2.6,true
github.com,gradle-plugins/toolbox,main,Gradle,,"gradle-runner-kit-wrapper-impl",,com.google.guava,guava,28.2-jre,true
github.com,gradle-plugins/toolbox,main,Gradle,,"gradle-plugin-development-test-fixtures",,org.codehaus.groovy,groovy-all,2.5.8,true
github.com,gradle-plugins/toolbox,main,Gradle,,"gradle-plugin-development-test-fixtures",,dev.gradleplugins,"gradle-fixtures-source-elements",0.0.140,true
github.com,gradle-plugins/toolbox,main,Gradle,,"gradle-plugin-development-test-fixtures",,dev.gradleplugins,gradle-api,6.2.1,true
github.com,gradle-plugins/toolbox,main,Gradle,,"gradle-plugin-development-test-fixtures",,dev.gradleplugins,gradle-fixtures,0.0.140,true
github.com,gradle-plugins/toolbox,main,Gradle,,"gradle-plugin-development",,org.apache.commons,commons-lang3,3.5,true
github.com,gradle-plugins/toolbox,main,Gradle,,"gradle-plugin-development",,com.google.code.gson,gson,2.8.6,true
github.com,gradle-plugins/toolbox,main,Gradle,,"gradle-plugin-development",,org.jetbrains.kotlin,kotlin-stdlib-jdk8,1.3.72,true
github.com,gradle-plugins/toolbox,main,Gradle,,"gradle-plugin-development",,org.projectlombok,lombok,1.18.12,true
github.com,gradle-plugins/toolbox,main,Gradle,,"gradle-plugin-development",,dev.gradleplugins,gradle-api,6.2.1,true
github.com,gradle-plugins/toolbox,main,Gradle,,gradle-fixtures,,junit,junit,4.12,true
github.com,gradle-plugins/toolbox,main,Gradle,,gradle-fixtures,,org.apache.commons,commons-lang3,3.9,true
github.com,gradle-plugins/toolbox,main,Gradle,,gradle-fixtures,,org.ow2.asm,asm,6.0,true
github.com,gradle-plugins/toolbox,main,Gradle,,gradle-fixtures,,com.google.code.gson,gson,2.8.6,true
github.com,gradle-plugins/toolbox,main,Gradle,,gradle-fixtures,,org.projectlombok,lombok,1.18.12,true
github.com,gradle-plugins/toolbox,main,Gradle,,gradle-fixtures,,dev.gradleplugins,"gradle-fixtures-file-system",0.0.140,true
github.com,gradle-plugins/toolbox,main,Gradle,,gradle-fixtures,,dev.gradleplugins,gradle-runner-kit,0.0.140,true
github.com,gradle-plugins/toolbox,main,Gradle,,gradle-fixtures,,dev.gradleplugins,gradle-api,6.2.1,true
github.com,gradle-plugins/toolbox,main,Gradle,,gradle-fixtures,,commons-io,commons-io,2.6,true
github.com,gradle-plugins/toolbox,main,Gradle,,gradle-fixtures,,org.apache.ant,ant,1.9.13,true
github.com,gradle-plugins/toolbox,main,Gradle,,gradle-fixtures,,com.google.guava,guava,28.2-jre,true
github.com,"jdtommy/code-artifact-plugin",main,Gradle,,CodeArtifactGradlePlugin,,org.jetbrains.kotlin,kotlin-stdlib,1.4.21,true
github.com,"Comcast/resourceprovider2",master,Gradle,,resourceprovider,,com.squareup,javapoet,1.10.0,true
github.com,"Comcast/resourceprovider2",master,Gradle,,resourceprovider,,com.squareup,kotlinpoet,1.6.0,true
github.com,"Comcast/resourceprovider2",master,Gradle,,resourceprovider,,org.jetbrains.kotlin,kotlin-stdlib-jdk8,1.6.10,true
github.com,"Comcast/resourceprovider2",master,Gradle,,resourceprovider,,com.android.tools.build,gradle,3.6.3,true
github.com,"guyboltonking/assertj-generator-gradle-plugin",master,Gradle,,assertj-gradle-plugin,,org.assertj,"assertj-assertions-generator",2.2.1,true
github.com,"guyboltonking/assertj-generator-gradle-plugin",master,Gradle,,assertj-gradle-plugin,,org.jetbrains.kotlin,kotlin-stdlib-jdk8,1.4.31,true
github.com,"guyboltonking/assertj-generator-gradle-plugin",master,Gradle,,assertj-gradle-plugin,,org.jetbrains.kotlin,kotlin-reflect,1.4.31,true
github.com,"krakowski/gradle-jextract",master,Gradle,,gradle-jextract,,org.jetbrains.kotlin,kotlin-bom,1.6.21,true
github.com,"krakowski/gradle-jextract",master,Gradle,,gradle-jextract,,org.jetbrains.kotlin,kotlin-stdlib-jdk8,1.6.21,true
github.com,"krakowski/gradle-jextract",master,Gradle,,gradle-jextract,,org.jetbrains.kotlin,kotlin-reflect,1.6.21,true
github.com,zhcet-amu/zhcet-web,master,Gradle,,zhcet,,org.apache.commons,commons-text,1.8,true
github.com,zhcet-amu/zhcet-web,master,Gradle,,zhcet,,org.springframework.boot,spring-boot-devtools,2.3.0.RELEASE,true
github.com,zhcet-amu/zhcet-web,master,Gradle,,zhcet,,org.springframework.boot,spring-boot-starter-web,2.3.0.RELEASE,true
github.com,zhcet-amu/zhcet-web,master,Gradle,,zhcet,,org.springframework.boot,"spring-boot-starter-data-jpa",2.3.0.RELEASE,true
github.com,zhcet-amu/zhcet-web,master,Gradle,,zhcet,,org.webjars.npm,corejs-typeahead,1.2.1,true
github.com,zhcet-amu/zhcet-web,master,Gradle,,zhcet,,org.webjars,toastr,2.1.2,true
github.com,zhcet-amu/zhcet-web,master,Gradle,,zhcet,,org.imgscalr,imgscalr-lib,4.2,true
github.com,zhcet-amu/zhcet-web,master,Gradle,,zhcet,,org.projectlombok,lombok,1.18.12,true
github.com,zhcet-amu/zhcet-web,master,Gradle,,zhcet,,io.sentry,sentry-spring,1.7.30,true
github.com,zhcet-amu/zhcet-web,master,Gradle,,zhcet,,org.modelmapper,modelmapper,2.3.7,true
github.com,zhcet-amu/zhcet-web,master,Gradle,,zhcet,,org.springframework.boot,"spring-boot-starter-security",2.3.0.RELEASE,true
github.com,zhcet-amu/zhcet-web,master,Gradle,,zhcet,,commons-io,commons-io,2.6,true
github.com,zhcet-amu/zhcet-web,master,Gradle,,zhcet,,org.postgresql,postgresql,42.2.12,true
github.com,zhcet-amu/zhcet-web,master,Gradle,,zhcet,,org.springframework.boot,"spring-boot-configuration-processor",2.3.0.RELEASE,true
github.com,zhcet-amu/zhcet-web,master,Gradle,,zhcet,,"com.github.ben-manes.caffeine",caffeine,2.8.4,true
github.com,zhcet-amu/zhcet-web,master,Gradle,,zhcet,,"com.github.darrachequesne","spring-data-jpa-datatables",5.0.0,true
github.com,zhcet-amu/zhcet-web,master,Gradle,,zhcet,,com.j256.simplecsv,simplecsv,2.6,true
github.com,zhcet-amu/zhcet-web,master,Gradle,,zhcet,,org.webjars,webjars-locator-core,0.45,true
github.com,zhcet-amu/zhcet-web,master,Gradle,,zhcet,,org.springframework.boot,"spring-boot-starter-undertow",2.3.0.RELEASE,true
github.com,zhcet-amu/zhcet-web,master,Gradle,,zhcet,,org.webjars.bower,mui,0.9.38,true
github.com,zhcet-amu/zhcet-web,master,Gradle,,zhcet,,org.liquibase,liquibase-core,3.9.0,true
github.com,zhcet-amu/zhcet-web,master,Gradle,,zhcet,,org.thymeleaf.extras,"thymeleaf-extras-springsecurity5",3.0.4.RELEASE,true
github.com,zhcet-amu/zhcet-web,master,Gradle,,zhcet,,org.hibernate,hibernate-envers,5.4.15.Final,true
github.com,zhcet-amu/zhcet-web,master,Gradle,,zhcet,,org.springframework.boot,"spring-boot-starter-actuator",2.3.0.RELEASE,true
github.com,zhcet-amu/zhcet-web,master,Gradle,,zhcet,,org.springframework.boot,"spring-boot-starter-thymeleaf",2.3.0.RELEASE,true
github.com,zhcet-amu/zhcet-web,master,Gradle,,zhcet,,com.google.firebase,firebase-admin,6.13.0,true
github.com,zhcet-amu/zhcet-web,master,Gradle,,zhcet,,commons-validator,commons-validator,1.6,true
github.com,zhcet-amu/zhcet-web,master,Gradle,,zhcet,,org.jetbrains.kotlin,kotlin-stdlib,1.3.72,true
github.com,zhcet-amu/zhcet-web,master,Gradle,,zhcet,,org.springframework.boot,spring-boot-starter-mail,2.3.0.RELEASE,true
github.com,zhcet-amu/zhcet-web,master,Gradle,,zhcet,,org.jboss.aerogear,aerogear-otp-java,1.0.0,true
github.com,zhcet-amu/zhcet-web,master,Gradle,,zhcet,,io.sentry,sentry-logback,1.7.30,true
github.com,"NyCodeGHG/gradle-spigot-dependency-loader",main,Gradle,,"gradle-spigot-dependency-loader",,com.charleskorn.kaml,kaml,0.40.0,true
github.com,"NyCodeGHG/gradle-spigot-dependency-loader",main,Gradle,,"gradle-spigot-dependency-loader",,org.jetbrains.kotlin,kotlin-stdlib-jdk8,1.6.10,true
github.com,"NyCodeGHG/gradle-spigot-dependency-loader",main,Gradle,,"gradle-spigot-dependency-loader",,org.jetbrains.kotlinx,"kotlinx-serialization-core",1.3.2,true
github.com,askeron/fluentxmlwrapper,master,Gradle,,fluentxmlwrapper,,org.jetbrains.kotlin,kotlin-stdlib-jdk8,1.4.32,true
github.com,askeron/fluentxmlwrapper,master,Gradle,,fluentxmlwrapper,,org.jetbrains.kotlin,kotlin-reflect,1.4.32,true
github.com,kakaragame/VersionFile,master,Gradle,,plugin,,org.jetbrains.kotlin,kotlin-stdlib-jdk8,1.7.10,true
github.com,"SharifPoetra/thunder-java",master,Gradle,,thunder,,com.jagrosh,JLyrics,0.4,true
github.com,"SharifPoetra/thunder-java",master,Gradle,,thunder,,com.google.code.gson,gson,2.8.6,true
github.com,"SharifPoetra/thunder-java",master,Gradle,,thunder,,com.typesafe,config,1.4.0,true
github.com,"SharifPoetra/thunder-java",master,Gradle,,thunder,,com.sparkjava,spark-core,2.9.2,true
github.com,"SharifPoetra/thunder-java",master,Gradle,,thunder,,com.h2database,h2,1.4.200,true
github.com,"SharifPoetra/thunder-java",master,Gradle,,thunder,,io.undertow,undertow-core,2.2.0.Final,true
github.com,"SharifPoetra/thunder-java",master,Gradle,,thunder,,org.projectlombok,lombok,1.18.12,true
github.com,"SharifPoetra/thunder-java",master,Gradle,,thunder,,ch.qos.logback,logback-classic,1.2.3,true
github.com,"SharifPoetra/thunder-java",master,Gradle,,thunder,,com.github.natanbc,lavadsp,0.5.2,true
github.com,"SharifPoetra/thunder-java",master,Gradle,,thunder,,com.google.guava,guava,23.0,true
github.com,"SharifPoetra/thunder-java",master,Gradle,,thunder,,org.jetbrains.kotlin,kotlin-stdlib,1.4.10,true
github.com,"SharifPoetra/thunder-java",master,Gradle,,thunder,,com.sedmelluq,lavaplayer,1.3.50,true
github.com,"SharifPoetra/thunder-java",master,Gradle,,thunder,,net.dv8tion,JDA,4.2.0_207,true
github.com,"SharifPoetra/thunder-java",master,Gradle,,thunder,,com.jagrosh,jda-utilities,3.0.4,true
github.com,"CaptainJack/gradle-reposit",master,Gradle,,gradle-reposit,,org.jetbrains.kotlin,kotlin-gradle-plugin,1.8.10,true
github.com,"CaptainJack/gradle-reposit",master,Gradle,,gradle-reposit,,org.jetbrains.kotlin,kotlin-stdlib-jdk8,1.8.10,true
github.com,"CaptainJack/gradle-reposit",master,Gradle,,gradle-reposit,,org.jetbrains.kotlin,kotlin-reflect,1.8.10,true
github.com,"PrzemyslawSwiderski/yaml-secrets-gradle-plugin",master,Gradle,,"yaml-secrets-gradle-plugin",,org.apache.commons,commons-lang3,3.12.0,true
github.com,"PrzemyslawSwiderski/yaml-secrets-gradle-plugin",master,Gradle,,"yaml-secrets-gradle-plugin",,"com.fasterxml.jackson.dataformat",jackson-dataformat-yaml,2.12.5,true
github.com,"PrzemyslawSwiderski/yaml-secrets-gradle-plugin",master,Gradle,,"yaml-secrets-gradle-plugin",,org.jetbrains.kotlin,kotlin-stdlib-jdk8,1.5.21,true
github.com,"PrzemyslawSwiderski/yaml-secrets-gradle-plugin",master,Gradle,,"yaml-secrets-gradle-plugin",,"com.fasterxml.jackson.module",jackson-module-kotlin,2.12.5,true
github.com,"PrzemyslawSwiderski/yaml-secrets-gradle-plugin",master,Gradle,,"yaml-secrets-gradle-plugin",,org.jetbrains.kotlin,kotlin-reflect,1.5.21,true
github.com,"yidongnan/grpc-spring-boot-starter",master,Gradle,,"grpc-client-spring-boot-starter",,net.devh,"grpc-client-spring-boot-autoconfigure",2.15.0-SNAPSHOT,true
github.com,"yidongnan/grpc-spring-boot-starter",master,Gradle,,"grpc-client-spring-boot-starter",,org.projectlombok,lombok,1.18.28,true
github.com,"yidongnan/grpc-spring-boot-starter",master,Gradle,,grpc-common-spring-boot,,io.zipkin.brave,"brave-instrumentation-grpc",5.13.9,true
github.com,"yidongnan/grpc-spring-boot-starter",master,Gradle,,grpc-common-spring-boot,,io.grpc,grpc-core,1.56.1,true
github.com,"yidongnan/grpc-spring-boot-starter",master,Gradle,,grpc-common-spring-boot,,org.projectlombok,lombok,1.18.28,true
github.com,"yidongnan/grpc-spring-boot-starter",master,Gradle,,grpc-common-spring-boot,,"org.springframework.cloud","spring-cloud-starter-sleuth",3.1.9,true
github.com,"yidongnan/grpc-spring-boot-starter",master,Gradle,,grpc-common-spring-boot,,org.springframework.boot,"spring-boot-starter-actuator",2.7.14,true
github.com,"yidongnan/grpc-spring-boot-starter",master,Gradle,,grpc-common-spring-boot,,com.google.guava,guava,32.1.1-jre,true
github.com,"yidongnan/grpc-spring-boot-starter",master,Gradle,,grpc-common-spring-boot,,org.springframework.boot,spring-boot-starter,2.7.14,true
github.com,"yidongnan/grpc-spring-boot-starter",master,Gradle,,"grpc-server-spring-boot-starter",,net.devh,"grpc-server-spring-boot-autoconfigure",2.15.0-SNAPSHOT,true
github.com,"yidongnan/grpc-spring-boot-starter",master,Gradle,,"grpc-server-spring-boot-starter",,org.projectlombok,lombok,1.18.28,true
github.com,"yidongnan/grpc-spring-boot-starter",master,Gradle,,security-grpc-server,,"grpc-spring-boot-starter.examples",grpc-lib,unspecified,true
github.com,"yidongnan/grpc-spring-boot-starter",master,Gradle,,security-grpc-server,,net.devh,"grpc-server-spring-boot-starter",2.15.0-SNAPSHOT,true
github.com,"yidongnan/grpc-spring-boot-starter",master,Gradle,,security-grpc-server,,"org.springframework.security",spring-security-config,5.7.10,true
github.com,"yidongnan/grpc-spring-boot-starter",master,Gradle,,security-grpc-server,,org.projectlombok,lombok,1.18.28,true
github.com,"yidongnan/grpc-spring-boot-starter",master,Gradle,,security-grpc-server,,org.springframework.boot,spring-boot-starter,2.7.14,true
github.com,"yidongnan/grpc-spring-boot-starter",master,Gradle,,local-grpc-server,,"grpc-spring-boot-starter.examples",grpc-lib,unspecified,true
github.com,"yidongnan/grpc-spring-boot-starter",master,Gradle,,local-grpc-server,,net.devh,"grpc-server-spring-boot-starter",2.15.0-SNAPSHOT,true
github.com,"yidongnan/grpc-spring-boot-starter",master,Gradle,,local-grpc-server,,org.projectlombok,lombok,1.18.28,true
github.com,"yidongnan/grpc-spring-boot-starter",master,Gradle,,local-grpc-server,,org.springframework.boot,spring-boot-starter,2.7.14,true
github.com,"yidongnan/grpc-spring-boot-starter",master,Gradle,,"grpc-server-spring-boot-autoconfigure",,io.grpc,grpc-services,1.56.1,true
github.com,"yidongnan/grpc-spring-boot-starter",master,Gradle,,"grpc-server-spring-boot-autoconfigure",,org.projectlombok,lombok,1.18.28,true
github.com,"yidongnan/grpc-spring-boot-starter",master,Gradle,,"grpc-server-spring-boot-autoconfigure",,net.devh,grpc-common-spring-boot,2.15.0-SNAPSHOT,true
github.com,"yidongnan/grpc-spring-boot-starter",master,Gradle,,"grpc-server-spring-boot-autoconfigure",,"org.springframework.cloud","spring-cloud-starter-sleuth",3.1.9,true
github.com,"yidongnan/grpc-spring-boot-starter",master,Gradle,,"grpc-server-spring-boot-autoconfigure",,org.springframework.boot,"spring-boot-starter-actuator",2.7.14,true
github.com,"yidongnan/grpc-spring-boot-starter",master,Gradle,,"grpc-server-spring-boot-autoconfigure",,io.grpc,grpc-netty,1.56.1,true
github.com,"yidongnan/grpc-spring-boot-starter",master,Gradle,,"grpc-server-spring-boot-autoconfigure",,io.grpc,grpc-stub,1.56.1,true
github.com,"yidongnan/grpc-spring-boot-starter",master,Gradle,,"grpc-server-spring-boot-autoconfigure",,io.grpc,grpc-netty-shaded,1.56.1,true
github.com,"yidongnan/grpc-spring-boot-starter",master,Gradle,,"grpc-server-spring-boot-autoconfigure",,"org.springframework.cloud","spring-cloud-starter-zookeeper-discovery",3.1.4,true
github.com,"yidongnan/grpc-spring-boot-starter",master,Gradle,,"grpc-server-spring-boot-autoconfigure",,"org.springframework.cloud","spring-cloud-starter-netflix-eureka-client",3.1.7,true
github.com,"yidongnan/grpc-spring-boot-starter",master,Gradle,,"grpc-server-spring-boot-autoconfigure",,com.alibaba.cloud,"spring-cloud-starter-alibaba-nacos-discovery",2021.1,true
github.com,"yidongnan/grpc-spring-boot-starter",master,Gradle,,"grpc-server-spring-boot-autoconfigure",,io.grpc,grpc-protobuf,1.56.1,true
github.com,"yidongnan/grpc-spring-boot-starter",master,Gradle,,"grpc-server-spring-boot-autoconfigure",,io.zipkin.brave,"brave-instrumentation-grpc",5.13.9,true
github.com,"yidongnan/grpc-spring-boot-starter",master,Gradle,,"grpc-server-spring-boot-autoconfigure",,"org.springframework.cloud","spring-cloud-starter-consul-discovery",3.1.4,true
github.com,"yidongnan/grpc-spring-boot-starter",master,Gradle,,"grpc-server-spring-boot-autoconfigure",,io.grpc,grpc-api,1.56.1,true
github.com,"yidongnan/grpc-spring-boot-starter",master,Gradle,,"grpc-server-spring-boot-autoconfigure",,"org.springframework.security",spring-security-core,5.7.10,true
github.com,"yidongnan/grpc-spring-boot-starter",master,Gradle,,"grpc-server-spring-boot-autoconfigure",,org.springframework.boot,spring-boot-starter,2.7.14,true
github.com,"yidongnan/grpc-spring-boot-starter",master,Gradle,,tests,,io.grpc,grpc-protobuf,1.56.1,true
github.com,"yidongnan/grpc-spring-boot-starter",master,Gradle,,tests,,net.devh,"grpc-server-spring-boot-starter",2.15.0-SNAPSHOT,true
github.com,"yidongnan/grpc-spring-boot-starter",master,Gradle,,tests,,org.projectlombok,lombok,1.18.28,true
github.com,"yidongnan/grpc-spring-boot-starter",master,Gradle,,tests,,org.jetbrains.kotlin,kotlin-stdlib-jdk8,1.8.22,true
github.com,"yidongnan/grpc-spring-boot-starter",master,Gradle,,tests,,net.devh,grpc-common-spring-boot,2.15.0-SNAPSHOT,true
github.com,"yidongnan/grpc-spring-boot-starter",master,Gradle,,tests,,io.grpc,grpc-stub,1.56.1,true
github.com,"yidongnan/grpc-spring-boot-starter",master,Gradle,,tests,,io.grpc,grpc-netty-shaded,1.56.1,true
github.com,"yidongnan/grpc-spring-boot-starter",master,Gradle,,tests,,net.devh,"grpc-client-spring-boot-starter",2.15.0-SNAPSHOT,true
github.com,"yidongnan/grpc-spring-boot-starter",master,Gradle,,cloud-eureka-server,,"org.springframework.cloud","spring-cloud-starter-netflix-eureka-server",3.1.7,true
github.com,"yidongnan/grpc-spring-boot-starter",master,Gradle,,cloud-eureka-server,,org.projectlombok,lombok,1.18.28,true
github.com,"yidongnan/grpc-spring-boot-starter",master,Gradle,,cloud-eureka-server,,org.springframework.boot,"spring-boot-starter-actuator",2.7.14,true
github.com,"yidongnan/grpc-spring-boot-starter",master,Gradle,,"grpc-client-spring-boot-autoconfigure",,javax.inject,javax.inject,1,true
github.com,"yidongnan/grpc-spring-boot-starter",master,Gradle,,"grpc-client-spring-boot-autoconfigure",,org.projectlombok,lombok,1.18.28,true
github.com,"yidongnan/grpc-spring-boot-starter",master,Gradle,,"grpc-client-spring-boot-autoconfigure",,net.devh,grpc-common-spring-boot,2.15.0-SNAPSHOT,true
github.com,"yidongnan/grpc-spring-boot-starter",master,Gradle,,"grpc-client-spring-boot-autoconfigure",,"org.springframework.cloud","spring-cloud-starter-sleuth",3.1.9,true
github.com,"yidongnan/grpc-spring-boot-starter",master,Gradle,,"grpc-client-spring-boot-autoconfigure",,org.springframework.boot,"spring-boot-starter-actuator",2.7.14,true
github.com,"yidongnan/grpc-spring-boot-starter",master,Gradle,,"grpc-client-spring-boot-autoconfigure",,io.grpc,grpc-netty,1.56.1,true
github.com,"yidongnan/grpc-spring-boot-starter",master,Gradle,,"grpc-client-spring-boot-autoconfigure",,io.grpc,grpc-stub,1.56.1,true
github.com,"yidongnan/grpc-spring-boot-starter",master,Gradle,,"grpc-client-spring-boot-autoconfigure",,io.grpc,grpc-netty-shaded,1.56.1,true
github.com,"yidongnan/grpc-spring-boot-starter",master,Gradle,,"grpc-client-spring-boot-autoconfigure",,"org.springframework.cloud","spring-cloud-starter-netflix-eureka-client",3.1.7,true
github.com,"yidongnan/grpc-spring-boot-starter",master,Gradle,,"grpc-client-spring-boot-autoconfigure",,io.grpc,grpc-protobuf,1.56.1,true
github.com,"yidongnan/grpc-spring-boot-starter",master,Gradle,,"grpc-client-spring-boot-autoconfigure",,io.zipkin.brave,"brave-instrumentation-grpc",5.13.9,true
github.com,"yidongnan/grpc-spring-boot-starter",master,Gradle,,"grpc-client-spring-boot-autoconfigure",,"org.springframework.cloud","spring-cloud-starter-consul-discovery",3.1.4,true
github.com,"yidongnan/grpc-spring-boot-starter",master,Gradle,,"grpc-client-spring-boot-autoconfigure",,io.netty,"netty-transport-native-epoll",4.1.94.Final,true
github.com,"yidongnan/grpc-spring-boot-starter",master,Gradle,,"grpc-client-spring-boot-autoconfigure",,org.springframework.boot,spring-boot-starter,2.7.14,true
github.com,"yidongnan/grpc-spring-boot-starter",master,Gradle,,cloud-grpc-server,,"grpc-spring-boot-starter.examples",grpc-lib,unspecified,true
github.com,"yidongnan/grpc-spring-boot-starter",master,Gradle,,cloud-grpc-server,,net.devh,"grpc-server-spring-boot-starter",2.15.0-SNAPSHOT,true
github.com,"yidongnan/grpc-spring-boot-starter",master,Gradle,,cloud-grpc-server,,"org.springframework.cloud","spring-cloud-starter-consul-discovery",3.1.4,true
github.com,"yidongnan/grpc-spring-boot-starter",master,Gradle,,cloud-grpc-server,,org.springframework.boot,spring-boot-starter-web,2.7.14,true
github.com,"yidongnan/grpc-spring-boot-starter",master,Gradle,,cloud-grpc-server,,org.projectlombok,lombok,1.18.28,true
github.com,"yidongnan/grpc-spring-boot-starter",master,Gradle,,cloud-grpc-server,,org.springframework.boot,"spring-boot-starter-actuator",2.7.14,true
github.com,"yidongnan/grpc-spring-boot-starter",master,Gradle,,grpc-lib,,io.grpc,grpc-protobuf,1.56.1,true
github.com,"yidongnan/grpc-spring-boot-starter",master,Gradle,,grpc-lib,,org.projectlombok,lombok,1.18.28,true
github.com,"yidongnan/grpc-spring-boot-starter",master,Gradle,,grpc-lib,,io.grpc,grpc-stub,1.56.1,true
github.com,"yidongnan/grpc-spring-boot-starter",master,Gradle,,grpc-lib,,io.grpc,grpc-netty-shaded,1.56.1,true
github.com,"yidongnan/grpc-spring-boot-starter",master,Gradle,,security-grpc-client,,"grpc-spring-boot-starter.examples",grpc-lib,unspecified,true
github.com,"yidongnan/grpc-spring-boot-starter",master,Gradle,,security-grpc-client,,org.springframework.boot,spring-boot-starter-web,2.7.14,true
github.com,"yidongnan/grpc-spring-boot-starter",master,Gradle,,security-grpc-client,,"org.springframework.security",spring-security-core,5.7.10,true
github.com,"yidongnan/grpc-spring-boot-starter",master,Gradle,,security-grpc-client,,org.projectlombok,lombok,1.18.28,true
github.com,"yidongnan/grpc-spring-boot-starter",master,Gradle,,security-grpc-client,,net.devh,"grpc-client-spring-boot-starter",2.15.0-SNAPSHOT,true
github.com,"yidongnan/grpc-spring-boot-starter",master,Gradle,,cloud-grpc-client,,"grpc-spring-boot-starter.examples",grpc-lib,unspecified,true
github.com,"yidongnan/grpc-spring-boot-starter",master,Gradle,,cloud-grpc-client,,"org.springframework.cloud","spring-cloud-starter-consul-discovery",3.1.4,true
github.com,"yidongnan/grpc-spring-boot-starter",master,Gradle,,cloud-grpc-client,,org.springframework.boot,spring-boot-starter-web,2.7.14,true
github.com,"yidongnan/grpc-spring-boot-starter",master,Gradle,,cloud-grpc-client,,org.projectlombok,lombok,1.18.28,true
github.com,"yidongnan/grpc-spring-boot-starter",master,Gradle,,cloud-grpc-client,,org.springframework.boot,"spring-boot-starter-actuator",2.7.14,true
github.com,"yidongnan/grpc-spring-boot-starter",master,Gradle,,cloud-grpc-client,,net.devh,"grpc-client-spring-boot-starter",2.15.0-SNAPSHOT,true
github.com,"yidongnan/grpc-spring-boot-starter",master,Gradle,,local-grpc-client,,"grpc-spring-boot-starter.examples",grpc-lib,unspecified,true
github.com,"yidongnan/grpc-spring-boot-starter",master,Gradle,,local-grpc-client,,org.springframework.boot,spring-boot-starter-web,2.7.14,true
github.com,"yidongnan/grpc-spring-boot-starter",master,Gradle,,local-grpc-client,,org.projectlombok,lombok,1.18.28,true
github.com,"yidongnan/grpc-spring-boot-starter",master,Gradle,,local-grpc-client,,net.devh,"grpc-client-spring-boot-starter",2.15.0-SNAPSHOT,true
github.com,"twitch4j/twitch4j-chatbot-kotlin",master,Gradle,,twitch4j-chatbot-kotlin,,com.github.twitch4j,twitch4j,1.12.0,true
github.com,"twitch4j/twitch4j-chatbot-kotlin",master,Gradle,,twitch4j-chatbot-kotlin,,"com.fasterxml.jackson.dataformat",jackson-dataformat-yaml,2.13.4,true
github.com,"twitch4j/twitch4j-chatbot-kotlin",master,Gradle,,twitch4j-chatbot-kotlin,,org.jetbrains.kotlin,kotlin-stdlib-jdk8,1.7.10,true
github.com,"twitch4j/twitch4j-chatbot-kotlin",master,Gradle,,twitch4j-chatbot-kotlin,,ch.qos.logback,logback-classic,1.3.1,true
github.com,"evestera/gradle-depsize-plugin",main,Gradle,,gradle-depsize-plugin,,org.jetbrains.kotlin,kotlin-bom,1.4.20,true
github.com,"evestera/gradle-depsize-plugin",main,Gradle,,gradle-depsize-plugin,,org.jetbrains.kotlin,kotlin-stdlib-jdk8,1.4.20,true
github.com,"PixelOutlaw/pixeloutlaw-gradle-plugin",main,Gradle,,sample-kotlin,,org.jetbrains.kotlin,kotlin-stdlib-jdk8,1.5.21,true
github.com,"PixelOutlaw/pixeloutlaw-gradle-plugin",main,Gradle,,sample-kotlin,,org.jetbrains.kotlin,kotlin-reflect,1.5.21,true
github.com,"grimmjo/jaxrs-analyzer-gradle-plugin",master,Gradle,,"jaxrs-analyzer-gradle-plugin",,com.sebastian-daschner,jaxrs-analyzer,0.17,true
github.com,"grimmjo/jaxrs-analyzer-gradle-plugin",master,Gradle,,"jaxrs-analyzer-gradle-plugin",,org.jetbrains.kotlin,kotlin-stdlib-jdk8,1.8.10,true
github.com,"grimmjo/jaxrs-analyzer-gradle-plugin",master,Gradle,,"jaxrs-analyzer-gradle-plugin",,org.jetbrains.kotlin,kotlin-reflect,1.8.10,true
github.com,"juulhobert/liquibase-validate",main,Gradle,,"juulhobert_liquibase-validate_main",,org.jetbrains.kotlin,kotlin-stdlib-jdk8,1.6.0,true
github.com,"juulhobert/liquibase-validate",main,Gradle,,"juulhobert_liquibase-validate_main",,org.yaml,snakeyaml,1.29,true
github.com,"nebula-plugins/nebula-dependency-base-plugin",main,Gradle,,"nebula-dependency-base-plugin",,org.jetbrains.kotlin,kotlin-stdlib-jdk8,1.8.0,true
github.com,"corneliudascalu/autoversion",master,Gradle,,"corneliudascalu_autoversion_master",,org.jetbrains.kotlin,kotlin-stdlib,1.5.31,true
github.com,"svok/kotlin-jar2npm-plugin",master,Gradle,,jar2npm-plugin,,org.jetbrains.kotlin,kotlin-gradle-plugin,1.4.0,true
github.com,"svok/kotlin-jar2npm-plugin",master,Gradle,,jar2npm-plugin,,org.jetbrains.kotlin,kotlin-stdlib-jdk8,1.4.0,true
github.com,"svok/kotlin-jar2npm-plugin",master,Gradle,,jar2npm-plugin,,com.github.node-gradle,gradle-node-plugin,2.2.4,true
github.com,"openrewrite/rewrite-recipe-markdown-generator",main,Gradle,,"rewrite-recipe-markdown-generator",,org.openrewrite,rewrite-core,8.4.0,true
github.com,"openrewrite/rewrite-recipe-markdown-generator",main,Gradle,,"rewrite-recipe-markdown-generator",,"com.fasterxml.jackson.dataformat",jackson-dataformat-yaml,2.15.2,true
github.com,"openrewrite/rewrite-recipe-markdown-generator",main,Gradle,,"rewrite-recipe-markdown-generator",,org.jetbrains.kotlin,kotlin-bom,1.7.20,true
github.com,"openrewrite/rewrite-recipe-markdown-generator",main,Gradle,,"rewrite-recipe-markdown-generator",,info.picocli,picocli,4.7.4,true
github.com,"openrewrite/rewrite-recipe-markdown-generator",main,Gradle,,"rewrite-recipe-markdown-generator",,org.jetbrains.kotlin,kotlin-stdlib-jdk8,1.7.20,true
github.com,"openrewrite/rewrite-recipe-markdown-generator",main,Gradle,,"rewrite-recipe-markdown-generator",,"com.fasterxml.jackson.module",jackson-module-kotlin,2.15.2,true
github.com,"openrewrite/rewrite-recipe-markdown-generator",main,Gradle,,"rewrite-recipe-markdown-generator",,"io.github.java-diff-utils",java-diff-utils,4.11,true
github.com,ekino/gradle-java-plugin,master,Gradle,,gradle-java-plugin,,"org.unbroken-dome.gradle-plugins",gradle-testsets-plugin,4.0.0,true
github.com,ekino/gradle-java-plugin,master,Gradle,,gradle-java-plugin,,org.jetbrains.kotlin,kotlin-stdlib-jdk8,1.5.21,true
github.com,ekino/gradle-java-plugin,master,Gradle,,gradle-java-plugin,,org.jetbrains.kotlin,kotlin-reflect,1.5.21,true
github.com,"dimamura/assertj-generator-gradle-plugin",master,Gradle,,assertj-gradle-plugin,,org.assertj,"assertj-assertions-generator",2.2.1,true
github.com,"dimamura/assertj-generator-gradle-plugin",master,Gradle,,assertj-gradle-plugin,,org.jetbrains.kotlin,kotlin-stdlib-jdk8,1.4.31,true
github.com,"JetBrains/teamcity-aws-sns-trigger-plugin",master,Gradle,,"teamcity-amazon-sns-trigger-plugin",,org.jetbrains.kotlin,kotlin-stdlib-jdk8,1.7.10,true
github.com,"JetBrains/teamcity-aws-sns-trigger-plugin",master,Gradle,,"amazon-sns-trigger-server",,"org.jetbrains.teamcity.internal",server,2022.04,true
github.com,"JetBrains/teamcity-aws-sns-trigger-plugin",master,Gradle,,"amazon-sns-trigger-server",,org.jetbrains.teamcity,server-api,2022.04,true
github.com,"JetBrains/teamcity-aws-sns-trigger-plugin",master,Gradle,,"amazon-sns-trigger-server",,org.jetbrains.kotlin,kotlin-stdlib-jdk8,1.7.10,true
github.com,"JetBrains/teamcity-aws-sns-trigger-plugin",master,Gradle,,"amazon-sns-trigger-server",,org.jetbrains.teamcity,server-web-api,2022.04,true
github.com,"SgtSilvio/gradle-proguard",master,Gradle,,gradle-proguard,,org.jetbrains.kotlin,kotlin-stdlib-jdk8,1.8.20,true
github.com,"SgtSilvio/gradle-proguard",master,Gradle,,gradle-proguard,,org.jetbrains.kotlin,kotlin-reflect,1.8.20,true
github.com,"MrRogerHuang/GradleProjectInfoPlugin",master,Gradle,,"MrRogerHuang_GradleProjectInfoPlugin_master",,org.jetbrains.kotlin,kotlin-stdlib-jdk8,1.3.72,true
github.com,"MrRogerHuang/GradleProjectInfoPlugin",master,Gradle,,example,,org.jetbrains.kotlin,kotlin-stdlib,1.3.72,true
github.com,"MrRogerHuang/GradleProjectInfoPlugin",master,Gradle,,example,,"gradle.plugin.com.github.MrRogerHuang.GradleProjectInfo",GradleProjectInfoPlugin,1.1,true
github.com,"detekt/detekt-compiler-plugin",main,Gradle,,"detekt-compiler-plugin-composite-build",,org.jetbrains.kotlin,kotlin-stdlib-jdk8,1.7.0,true
github.com,"ebs-integrator/localize-with-spreadsheet-gradle",main,Gradle,,localizations-kt,,org.jetbrains.kotlin,kotlin-stdlib,1.5.31,true
github.com,SexyTeam/EsBuildGradle,main,Gradle,,EsBuildGradle,,org.jetbrains.kotlin,kotlin-stdlib,1.5.31,true
github.com,SexyTeam/EsBuildGradle,main,Gradle,,EsBuildGradle,,org.jetbrains.kotlin,kotlin-gradle-plugin,1.5.31,true
github.com,lexica/lexica,master,Gradle,,api-generator,,lexica_lexica.libraries,trie,unspecified,true
github.com,lexica/lexica,master,Gradle,,api-generator,,org.jetbrains.kotlin,kotlin-stdlib-jdk7,1.4.30,true
github.com,lexica/lexica,master,Gradle,,api-generator,,lexica_lexica.libraries,liblexica,unspecified,true
github.com,lexica/lexica,master,Gradle,,api-generator,,org.jetbrains.kotlinx,"kotlinx-serialization-json",1.2.2,true
