repositoryOrigin,repositoryPath,repositoryBranch,scmType,repositoryLink,sourcePath,ruleId,severity,line,column,message
github.com,SAP/openui5-fhir,master,GITHUB,"https://github.com/SAP/openui5-fhir/blob/master","test/qunit/unit.qunit.html",no-deprecated-theme,Error,7,21,"Use of deprecated theme 'sap_belize'"
github.com,SAP/openui5-fhir,master,GITHUB,"https://github.com/SAP/openui5-fhir/blob/master","test/qunit/unit.qunit.html",no-deprecated-api,Warning,8,2,"Outdated spelling of bootstrap parameter: 'data-sap-ui-compatVersion'; should be written as 'data-sap-ui-compat-version'"
github.com,SAP/openui5-fhir,master,GITHUB,"https://github.com/SAP/openui5-fhir/blob/master","test/qunit/unit.qunit.html",no-deprecated-api,Warning,9,2,"Outdated spelling of bootstrap parameter: 'data-sap-ui-resourceroots'; should be written as 'data-sap-ui-resource-roots'"
github.com,SAP/openui5-fhir,master,GITHUB,"https://github.com/SAP/openui5-fhir/blob/master","test/qunit/unit.qunit.html",no-deprecated-api,Error,6,1,"Missing bootstrap parameter 'data-sap-ui-async'"
github.com,SAP/openui5-fhir,master,GITHUB,"https://github.com/SAP/openui5-fhir/blob/master","test/sap-fhir-test-app/webapp/index.html",no-deprecated-theme,Error,10,46,"Use of deprecated theme 'sap_belize'"
github.com,SAP/openui5-fhir,master,GITHUB,"https://github.com/SAP/openui5-fhir/blob/master","test/sap-fhir-test-app/webapp/index.html",no-deprecated-api,Warning,11,2,"Outdated spelling of bootstrap parameter: 'data-sap-ui-compatVersion'; should be written as 'data-sap-ui-compat-version'"
github.com,SAP/openui5-fhir,master,GITHUB,"https://github.com/SAP/openui5-fhir/blob/master","test/sap-fhir-test-app/webapp/index.html",no-deprecated-api,Warning,12,2,"Outdated spelling of bootstrap parameter: 'data-sap-ui-resourceroots'; should be written as 'data-sap-ui-resource-roots'"
github.com,SAP/openui5-fhir,master,GITHUB,"https://github.com/SAP/openui5-fhir/blob/master","test/sap-fhir-test-app/webapp/index.html",no-deprecated-api,Error,8,1,"Missing bootstrap parameter 'data-sap-ui-async'"
github.com,SAP/openui5-fhir,master,GITHUB,"https://github.com/SAP/openui5-fhir/blob/master","test/sap-fhir-test-app/webapp/index.html",csp-unsafe-inline-script,Warning,17,1,"Use of unsafe inline script"
github.com,SAP/openui5-fhir,master,GITHUB,"https://github.com/SAP/openui5-fhir/blob/master","test/sap-fhir-test-app/webapp/test/opa5/all.opa5.html",no-deprecated-theme,Error,9,21,"Use of deprecated theme 'sap_belize'"
github.com,SAP/openui5-fhir,master,GITHUB,"https://github.com/SAP/openui5-fhir/blob/master","test/sap-fhir-test-app/webapp/test/opa5/all.opa5.html",no-deprecated-api,Warning,10,2,"Outdated spelling of bootstrap parameter: 'data-sap-ui-compatVersion'; should be written as 'data-sap-ui-compat-version'"
github.com,SAP/openui5-fhir,master,GITHUB,"https://github.com/SAP/openui5-fhir/blob/master","test/sap-fhir-test-app/webapp/test/opa5/all.opa5.html",no-deprecated-api,Warning,11,2,"Outdated spelling of bootstrap parameter: 'data-sap-ui-resourceroots'; should be written as 'data-sap-ui-resource-roots'"
github.com,SAP/openui5-fhir,master,GITHUB,"https://github.com/SAP/openui5-fhir/blob/master","test/sap-fhir-test-app/webapp/test/opa5/all.opa5.html",no-deprecated-api,Error,7,1,"Missing bootstrap parameter 'data-sap-ui-async'"
github.com,SAP/openui5-fhir,master,GITHUB,"https://github.com/SAP/openui5-fhir/blob/master","test/sap-fhir-test-app/webapp/test/opa5/all.opa5.html",csp-unsafe-inline-script,Warning,14,1,"Use of unsafe inline script"
github.com,SAP/openui5-fhir,master,GITHUB,"https://github.com/SAP/openui5-fhir/blob/master","test/sap-fhir-test-app/webapp/view/patient/fragments/MessagePopover.fragment.xml",no-deprecated-api,Error,5,9,"Import of deprecated module 'sap/m/MessagePopoverItem'"
github.com,SAP/openui5-fhir,master,GITHUB,"https://github.com/SAP/openui5-fhir/blob/master","test/sap-fhir-test-app/webapp/view/structureDefinition/StructureDefinitionsTreeTable.view.xml",no-deprecated-api,Error,30,28,"Use of deprecated property 'expandFirstLevel' of class 'TreeTable'"
github.com,SAP/openui5-fhir,master,GITHUB,"https://github.com/SAP/openui5-fhir/blob/master",src/sap/fhir/library.js,no-deprecated-api,Error,14,19,"Call to deprecated function 'initLibrary' of class 'Core'"
github.com,SAP/openui5-fhir,master,GITHUB,"https://github.com/SAP/openui5-fhir/blob/master",src/sap/fhir/library.js,no-deprecated-api,Error,14,9,"Call to deprecated function 'getCore' (sap.ui.getCore)"
github.com,SAP/openui5-fhir,master,GITHUB,"https://github.com/SAP/openui5-fhir/blob/master",src/sap/fhir/library.js,no-globals,Error,14,2,"Access of global variable 'sap' (sap.ui.getCore)"
github.com,SAP/openui5-fhir,master,GITHUB,"https://github.com/SAP/openui5-fhir/blob/master",src/sap/fhir/library.js,no-globals,Error,23,9,"Access of global variable 'sap' (sap.fhir)"
github.com,SAP/openui5-fhir,master,GITHUB,"https://github.com/SAP/openui5-fhir/blob/master","src/sap/fhir/model/r4/FHIRListBinding.js",no-deprecated-api,Error,159,60,"Call to deprecated function 'getLanguage' of class 'Configuration'"
github.com,SAP/openui5-fhir,master,GITHUB,"https://github.com/SAP/openui5-fhir/blob/master","src/sap/fhir/model/r4/FHIRListBinding.js",no-deprecated-api,Error,159,41,"Call to deprecated function 'getConfiguration' of class 'Core'"
github.com,SAP/openui5-fhir,master,GITHUB,"https://github.com/SAP/openui5-fhir/blob/master","src/sap/fhir/model/r4/FHIRListBinding.js",no-deprecated-api,Error,159,31,"Call to deprecated function 'getCore' (sap.ui.getCore)"
github.com,SAP/openui5-fhir,master,GITHUB,"https://github.com/SAP/openui5-fhir/blob/master","src/sap/fhir/model/r4/FHIRListBinding.js",no-globals,Error,159,24,"Access of global variable 'sap' (sap.ui.getCore)"
github.com,SAP/openui5-fhir,master,GITHUB,"https://github.com/SAP/openui5-fhir/blob/master","src/sap/fhir/model/r4/FHIRListBinding.js",no-deprecated-api,Error,185,85,"Call to deprecated function 'getLanguage' of class 'Configuration'"
github.com,SAP/openui5-fhir,master,GITHUB,"https://github.com/SAP/openui5-fhir/blob/master","src/sap/fhir/model/r4/FHIRListBinding.js",no-deprecated-api,Error,185,66,"Call to deprecated function 'getConfiguration' of class 'Core'"
github.com,SAP/openui5-fhir,master,GITHUB,"https://github.com/SAP/openui5-fhir/blob/master","src/sap/fhir/model/r4/FHIRListBinding.js",no-deprecated-api,Error,185,56,"Call to deprecated function 'getCore' (sap.ui.getCore)"
github.com,SAP/openui5-fhir,master,GITHUB,"https://github.com/SAP/openui5-fhir/blob/master","src/sap/fhir/model/r4/FHIRListBinding.js",no-globals,Error,185,49,"Access of global variable 'sap' (sap.ui.getCore)"
github.com,SAP/openui5-fhir,master,GITHUB,"https://github.com/SAP/openui5-fhir/blob/master","src/sap/fhir/model/r4/FHIRModel.js",no-deprecated-api,Error,47,20,"Use of deprecated property 'MessageType' (coreLibrary.MessageType)"
github.com,SAP/openui5-fhir,master,GITHUB,"https://github.com/SAP/openui5-fhir/blob/master","src/sap/fhir/model/r4/FHIRModel.js",no-deprecated-api,Error,585,9,"Call to deprecated function 'fireMessageChange' of class 'FHIRModel'"
github.com,SAP/openui5-fhir,master,GITHUB,"https://github.com/SAP/openui5-fhir/blob/master","src/sap/fhir/model/r4/lib/FHIRRequestor.js",no-deprecated-api,Error,250,69,"Call to deprecated function 'getLanguageTag' of class 'Configuration'"
github.com,SAP/openui5-fhir,master,GITHUB,"https://github.com/SAP/openui5-fhir/blob/master","src/sap/fhir/model/r4/lib/FHIRRequestor.js",no-deprecated-api,Error,250,50,"Call to deprecated function 'getConfiguration' of class 'Core'"
github.com,SAP/openui5-fhir,master,GITHUB,"https://github.com/SAP/openui5-fhir/blob/master","src/sap/fhir/model/r4/lib/FHIRRequestor.js",no-deprecated-api,Error,250,40,"Call to deprecated function 'getCore' (sap.ui.getCore)"
github.com,SAP/openui5-fhir,master,GITHUB,"https://github.com/SAP/openui5-fhir/blob/master","src/sap/fhir/model/r4/lib/FHIRRequestor.js",no-globals,Error,250,33,"Access of global variable 'sap' (sap.ui.getCore)"
github.com,SAP/openui5-fhir,master,GITHUB,"https://github.com/SAP/openui5-fhir/blob/master","test/qunit/model/FHIRModel.integration.js",no-deprecated-api,Error,66,42,"Call to deprecated function 'getMessageManager' of class 'Core'"
github.com,SAP/openui5-fhir,master,GITHUB,"https://github.com/SAP/openui5-fhir/blob/master","test/qunit/model/FHIRModel.integration.js",no-deprecated-api,Error,66,32,"Call to deprecated function 'getCore' (sap.ui.getCore)"
github.com,SAP/openui5-fhir,master,GITHUB,"https://github.com/SAP/openui5-fhir/blob/master","test/qunit/model/FHIRModel.integration.js",no-globals,Error,66,25,"Access of global variable 'sap' (sap.ui.getCore)"
github.com,SAP/openui5-fhir,master,GITHUB,"https://github.com/SAP/openui5-fhir/blob/master","test/qunit/model/FHIRModel.integration.js",no-globals,Error,217,30,"Access of global variable 'sap' (sap.ui.model.Filter)"
github.com,SAP/openui5-fhir,master,GITHUB,"https://github.com/SAP/openui5-fhir/blob/master","test/qunit/model/FHIRModel.integration.js",no-globals,Error,232,26,"Access of global variable 'sap' (sap.ui.model.Filter)"
github.com,SAP/openui5-fhir,master,GITHUB,"https://github.com/SAP/openui5-fhir/blob/master","test/qunit/model/FHIRModel.integration.js",no-globals,Error,233,27,"Access of global variable 'sap' (sap.ui.model.Filter)"
github.com,SAP/openui5-fhir,master,GITHUB,"https://github.com/SAP/openui5-fhir/blob/master","test/qunit/model/FHIRModel.integration.js",no-globals,Error,234,26,"Access of global variable 'sap' (sap.ui.model.Filter)"
github.com,SAP/openui5-fhir,master,GITHUB,"https://github.com/SAP/openui5-fhir/blob/master","test/qunit/model/FHIRModel.integration.js",no-globals,Error,268,26,"Access of global variable 'sap' (sap.ui.model.Sorter)"
github.com,SAP/openui5-fhir,master,GITHUB,"https://github.com/SAP/openui5-fhir/blob/master","test/qunit/model/FHIRModel.integration.js",no-globals,Error,269,27,"Access of global variable 'sap' (sap.ui.model.Sorter)"
github.com,SAP/openui5-fhir,master,GITHUB,"https://github.com/SAP/openui5-fhir/blob/master","test/qunit/model/FHIRModel.integration.js",no-globals,Error,270,26,"Access of global variable 'sap' (sap.ui.model.Sorter)"
github.com,SAP/openui5-fhir,master,GITHUB,"https://github.com/SAP/openui5-fhir/blob/master","test/qunit/model/FHIRModel.integration.js",no-deprecated-api,Error,428,202,"Call to deprecated function 'getLanguage' of class 'Configuration'"
github.com,SAP/openui5-fhir,master,GITHUB,"https://github.com/SAP/openui5-fhir/blob/master","test/qunit/model/FHIRModel.integration.js",no-deprecated-api,Error,428,183,"Call to deprecated function 'getConfiguration' of class 'Core'"
github.com,SAP/openui5-fhir,master,GITHUB,"https://github.com/SAP/openui5-fhir/blob/master","test/qunit/model/FHIRModel.integration.js",no-deprecated-api,Error,428,173,"Call to deprecated function 'getCore' (sap.ui.getCore)"
github.com,SAP/openui5-fhir,master,GITHUB,"https://github.com/SAP/openui5-fhir/blob/master","test/qunit/model/FHIRModel.integration.js",no-globals,Error,428,166,"Access of global variable 'sap' (sap.ui.getCore)"
github.com,SAP/openui5-fhir,master,GITHUB,"https://github.com/SAP/openui5-fhir/blob/master","test/qunit/model/FHIRModel.integration.js",no-deprecated-api,Error,443,202,"Call to deprecated function 'getLanguage' of class 'Configuration'"
github.com,SAP/openui5-fhir,master,GITHUB,"https://github.com/SAP/openui5-fhir/blob/master","test/qunit/model/FHIRModel.integration.js",no-deprecated-api,Error,443,183,"Call to deprecated function 'getConfiguration' of class 'Core'"
github.com,SAP/openui5-fhir,master,GITHUB,"https://github.com/SAP/openui5-fhir/blob/master","test/qunit/model/FHIRModel.integration.js",no-deprecated-api,Error,443,173,"Call to deprecated function 'getCore' (sap.ui.getCore)"
github.com,SAP/openui5-fhir,master,GITHUB,"https://github.com/SAP/openui5-fhir/blob/master","test/qunit/model/FHIRModel.integration.js",no-globals,Error,443,166,"Access of global variable 'sap' (sap.ui.getCore)"
github.com,SAP/openui5-fhir,master,GITHUB,"https://github.com/SAP/openui5-fhir/blob/master","test/qunit/model/FHIRModel.integration.js",no-deprecated-api,Error,535,107,"Call to deprecated function 'getLanguageTag' of class 'Configuration'"
github.com,SAP/openui5-fhir,master,GITHUB,"https://github.com/SAP/openui5-fhir/blob/master","test/qunit/model/FHIRModel.integration.js",no-deprecated-api,Error,535,88,"Call to deprecated function 'getConfiguration' of class 'Core'"
github.com,SAP/openui5-fhir,master,GITHUB,"https://github.com/SAP/openui5-fhir/blob/master","test/qunit/model/FHIRModel.integration.js",no-deprecated-api,Error,535,78,"Call to deprecated function 'getCore' (sap.ui.getCore)"
github.com,SAP/openui5-fhir,master,GITHUB,"https://github.com/SAP/openui5-fhir/blob/master","test/qunit/model/FHIRModel.integration.js",no-globals,Error,535,71,"Access of global variable 'sap' (sap.ui.getCore)"
github.com,SAP/openui5-fhir,master,GITHUB,"https://github.com/SAP/openui5-fhir/blob/master","test/qunit/model/FHIRModel.unit.js",no-globals,Error,138,26,"Access of global variable 'sap' (sap.ui.model.Filter)"
github.com,SAP/openui5-fhir,master,GITHUB,"https://github.com/SAP/openui5-fhir/blob/master","test/qunit/model/FHIRModel.unit.js",no-globals,Error,146,27,"Access of global variable 'sap' (sap.ui.model.Filter)"
github.com,SAP/openui5-fhir,master,GITHUB,"https://github.com/SAP/openui5-fhir/blob/master","test/qunit/model/FHIRModel.unit.js",no-globals,Error,147,27,"Access of global variable 'sap' (sap.ui.model.Filter)"
github.com,SAP/openui5-fhir,master,GITHUB,"https://github.com/SAP/openui5-fhir/blob/master","test/qunit/model/FHIRModel.unit.js",no-globals,Error,148,29,"Access of global variable 'sap' (sap.ui.model.Filter)"
github.com,SAP/openui5-fhir,master,GITHUB,"https://github.com/SAP/openui5-fhir/blob/master","test/qunit/model/FHIRModel.unit.js",no-globals,Error,153,27,"Access of global variable 'sap' (sap.ui.model.Filter)"
github.com,SAP/openui5-fhir,master,GITHUB,"https://github.com/SAP/openui5-fhir/blob/master","test/qunit/model/FHIRModel.unit.js",no-globals,Error,154,30,"Access of global variable 'sap' (sap.ui.model.Filter)"
github.com,SAP/openui5-fhir,master,GITHUB,"https://github.com/SAP/openui5-fhir/blob/master","test/qunit/model/FHIRModel.unit.js",no-globals,Error,160,30,"Access of global variable 'sap' (sap.ui.model.Filter)"
github.com,SAP/openui5-fhir,master,GITHUB,"https://github.com/SAP/openui5-fhir/blob/master","test/qunit/model/FHIRModel.unit.js",no-globals,Error,161,26,"Access of global variable 'sap' (sap.ui.model.Filter)"
github.com,SAP/openui5-fhir,master,GITHUB,"https://github.com/SAP/openui5-fhir/blob/master","test/qunit/model/FHIRModel.unit.js",no-globals,Error,162,25,"Access of global variable 'sap' (sap.ui.model.Filter)"
github.com,SAP/openui5-fhir,master,GITHUB,"https://github.com/SAP/openui5-fhir/blob/master","test/qunit/model/FHIRModel.unit.js",no-globals,Error,606,21,"Access of global variable 'sap' (sap.ui.model.Filter)"
github.com,SAP/openui5-fhir,master,GITHUB,"https://github.com/SAP/openui5-fhir/blob/master","test/qunit/model/FHIRModel.unit.js",no-globals,Error,615,27,"Access of global variable 'sap' (sap.ui.model.Filter)"
github.com,SAP/openui5-fhir,master,GITHUB,"https://github.com/SAP/openui5-fhir/blob/master","test/qunit/model/FHIRModel.unit.js",no-globals,Error,616,31,"Access of global variable 'sap' (sap.ui.model.Filter)"
github.com,SAP/openui5-fhir,master,GITHUB,"https://github.com/SAP/openui5-fhir/blob/master","test/qunit/model/FHIRModel.unit.js",no-globals,Error,617,29,"Access of global variable 'sap' (sap.ui.model.Filter)"
github.com,SAP/openui5-fhir,master,GITHUB,"https://github.com/SAP/openui5-fhir/blob/master","test/qunit/model/FHIRModel.unit.js",no-globals,Error,618,29,"Access of global variable 'sap' (sap.ui.model.Filter)"
github.com,SAP/openui5-fhir,master,GITHUB,"https://github.com/SAP/openui5-fhir/blob/master","test/qunit/model/FHIRModel.unit.js",no-globals,Error,619,24,"Access of global variable 'sap' (sap.ui.model.Filter)"
github.com,SAP/openui5-fhir,master,GITHUB,"https://github.com/SAP/openui5-fhir/blob/master","test/qunit/model/FHIRModel.unit.js",no-globals,Error,620,24,"Access of global variable 'sap' (sap.ui.model.Filter)"
github.com,SAP/openui5-fhir,master,GITHUB,"https://github.com/SAP/openui5-fhir/blob/master","test/qunit/model/FHIRModel.unit.js",no-globals,Error,621,24,"Access of global variable 'sap' (sap.ui.model.Filter)"
github.com,SAP/openui5-fhir,master,GITHUB,"https://github.com/SAP/openui5-fhir/blob/master","test/qunit/model/FHIRModel.unit.js",no-globals,Error,622,24,"Access of global variable 'sap' (sap.ui.model.Filter)"
github.com,SAP/openui5-fhir,master,GITHUB,"https://github.com/SAP/openui5-fhir/blob/master","test/qunit/model/FHIRModel.unit.js",no-globals,Error,623,24,"Access of global variable 'sap' (sap.ui.model.Filter)"
github.com,SAP/openui5-fhir,master,GITHUB,"https://github.com/SAP/openui5-fhir/blob/master","test/qunit/model/FHIRModel.unit.js",no-globals,Error,624,24,"Access of global variable 'sap' (sap.ui.model.Filter)"
github.com,SAP/openui5-fhir,master,GITHUB,"https://github.com/SAP/openui5-fhir/blob/master","test/qunit/model/FHIRModel.unit.js",no-globals,Error,625,24,"Access of global variable 'sap' (sap.ui.model.Filter)"
github.com,SAP/openui5-fhir,master,GITHUB,"https://github.com/SAP/openui5-fhir/blob/master","test/qunit/model/FHIRModel.unit.js",no-globals,Error,626,24,"Access of global variable 'sap' (sap.ui.model.Filter)"
github.com,SAP/openui5-fhir,master,GITHUB,"https://github.com/SAP/openui5-fhir/blob/master","test/qunit/model/FHIRModel.unit.js",no-globals,Error,627,24,"Access of global variable 'sap' (sap.ui.model.Filter)"
github.com,SAP/openui5-fhir,master,GITHUB,"https://github.com/SAP/openui5-fhir/blob/master","test/qunit/model/FHIRModel.unit.js",no-globals,Error,628,27,"Access of global variable 'sap' (sap.ui.model.Filter)"
github.com,SAP/openui5-fhir,master,GITHUB,"https://github.com/SAP/openui5-fhir/blob/master","test/qunit/model/FHIRModel.unit.js",no-globals,Error,630,20,"Access of global variable 'sap' (sap.ui.model.Sorter)"
github.com,SAP/openui5-fhir,master,GITHUB,"https://github.com/SAP/openui5-fhir/blob/master","test/qunit/model/FHIRModel.unit.js",no-globals,Error,631,21,"Access of global variable 'sap' (sap.ui.model.Sorter)"
github.com,SAP/openui5-fhir,master,GITHUB,"https://github.com/SAP/openui5-fhir/blob/master","test/qunit/model/FHIRModel.unit.js",no-globals,Error,682,27,"Access of global variable 'sap' (sap.ui.model.Filter)"
github.com,SAP/openui5-fhir,master,GITHUB,"https://github.com/SAP/openui5-fhir/blob/master","test/qunit/model/FHIRModel.unit.js",no-globals,Error,683,19,"Access of global variable 'sap' (sap.ui.model.Sorter)"
github.com,SAP/openui5-fhir,master,GITHUB,"https://github.com/SAP/openui5-fhir/blob/master","test/qunit/model/FHIRModel.unit.js",no-globals,Error,1289,33,"Access of global variable 'sap' (sap.ui.model.Filter)"
github.com,SAP/openui5-fhir,master,GITHUB,"https://github.com/SAP/openui5-fhir/blob/master","test/qunit/model/FHIRModel.unit.js",no-globals,Error,1298,29,"Access of global variable 'sap' (sap.ui.model.Filter)"
github.com,SAP/openui5-fhir,master,GITHUB,"https://github.com/SAP/openui5-fhir/blob/master","test/qunit/model/FHIRModel.unit.js",no-globals,Error,1306,35,"Access of global variable 'sap' (sap.ui.model.Filter)"
github.com,SAP/openui5-fhir,master,GITHUB,"https://github.com/SAP/openui5-fhir/blob/master","test/qunit/model/FHIRModel.unit.js",no-globals,Error,1307,25,"Access of global variable 'sap' (sap.ui.model.Filter)"
github.com,SAP/openui5-fhir,master,GITHUB,"https://github.com/SAP/openui5-fhir/blob/master","test/qunit/model/FHIRModel.unit.js",no-globals,Error,1324,25,"Access of global variable 'sap' (sap.ui.model.Filter)"
github.com,SAP/openui5-fhir,master,GITHUB,"https://github.com/SAP/openui5-fhir/blob/master","test/qunit/model/FHIRModel.unit.js",no-globals,Error,1430,25,"Access of global variable 'sap' (sap.ui.model.Filter)"
github.com,SAP/openui5-fhir,master,GITHUB,"https://github.com/SAP/openui5-fhir/blob/master","test/qunit/model/FHIRModel.unit.js",no-globals,Error,1495,36,"Access of global variable 'sap' (sap.ui.model.FilterType.Application)"
github.com,SAP/openui5-fhir,master,GITHUB,"https://github.com/SAP/openui5-fhir/blob/master","test/qunit/model/FHIRModel.unit.js",no-globals,Error,1500,33,"Access of global variable 'sap' (sap.ui.model.FilterType.Application)"
github.com,SAP/openui5-fhir,master,GITHUB,"https://github.com/SAP/openui5-fhir/blob/master","test/sap-fhir-test-app/webapp/Component.js",async-component-flags,Error,4,9,"Component is not configured for asynchronous loading."
github.com,SAP/openui5-fhir,master,GITHUB,"https://github.com/SAP/openui5-fhir/blob/master","test/sap-fhir-test-app/webapp/Component.js",no-deprecated-api,Error,14,35,"Call to deprecated function 'getMessageManager' of class 'Core'"
github.com,SAP/openui5-fhir,master,GITHUB,"https://github.com/SAP/openui5-fhir/blob/master","test/sap-fhir-test-app/webapp/Component.js",no-deprecated-api,Error,14,25,"Call to deprecated function 'getCore' (sap.ui.getCore)"
github.com,SAP/openui5-fhir,master,GITHUB,"https://github.com/SAP/openui5-fhir/blob/master","test/sap-fhir-test-app/webapp/Component.js",no-globals,Error,14,18,"Access of global variable 'sap' (sap.ui.getCore)"
github.com,SAP/openui5-fhir,master,GITHUB,"https://github.com/SAP/openui5-fhir/blob/master","test/sap-fhir-test-app/webapp/Component.js",no-globals,Error,18,11,"Access of global variable 'sap' (sap.ui.Device.support.touch)"
github.com,SAP/openui5-fhir,master,GITHUB,"https://github.com/SAP/openui5-fhir/blob/master","test/sap-fhir-test-app/webapp/controller/Home.controller.js",no-globals,Error,14,19,"Access of global variable 'sap' (sap.ui.core.UIComponent.getRouterFor)"
github.com,SAP/openui5-fhir,master,GITHUB,"https://github.com/SAP/openui5-fhir/blob/master","test/sap-fhir-test-app/webapp/controller/history/HabibisHistory.controller.js",no-globals,Error,7,19,"Access of global variable 'sap' (sap.ui.core.UIComponent.getRouterFor)"
github.com,SAP/openui5-fhir,master,GITHUB,"https://github.com/SAP/openui5-fhir/blob/master","test/sap-fhir-test-app/webapp/controller/patient/PatientDetails.controller.js",no-globals,Error,21,18,"Access of global variable 'sap' (sap.ui.core.UIComponent.getRouterFor)"
github.com,SAP/openui5-fhir,master,GITHUB,"https://github.com/SAP/openui5-fhir/blob/master","test/sap-fhir-test-app/webapp/controller/patient/PatientDetails.controller.js",no-deprecated-api,Error,36,36,"Call to deprecated function 'xmlfragment' (sap.ui.xmlfragment)"
github.com,SAP/openui5-fhir,master,GITHUB,"https://github.com/SAP/openui5-fhir/blob/master","test/sap-fhir-test-app/webapp/controller/patient/PatientDetails.controller.js",no-globals,Error,36,29,"Access of global variable 'sap' (sap.ui.xmlfragment)"
github.com,SAP/openui5-fhir,master,GITHUB,"https://github.com/SAP/openui5-fhir/blob/master","test/sap-fhir-test-app/webapp/controller/patient/PatientDetails.controller.js",no-deprecated-api,Error,37,5,"Use of deprecated API 'jQuery.sap.syncStyleClass'"
github.com,SAP/openui5-fhir,master,GITHUB,"https://github.com/SAP/openui5-fhir/blob/master","test/sap-fhir-test-app/webapp/controller/patient/PatientDetails.controller.js",no-globals,Error,103,37,"Access of global variable 'sap' (sap.ui.model.Filter)"
github.com,SAP/openui5-fhir,master,GITHUB,"https://github.com/SAP/openui5-fhir/blob/master","test/sap-fhir-test-app/webapp/controller/patient/PatientDetails.controller.js",no-globals,Error,112,37,"Access of global variable 'sap' (sap.ui.model.Filter)"
github.com,SAP/openui5-fhir,master,GITHUB,"https://github.com/SAP/openui5-fhir/blob/master","test/sap-fhir-test-app/webapp/controller/patient/PatientDetails.controller.js",no-globals,Error,150,18,"Access of global variable 'sap' (sap.ui.core.UIComponent.getRouterFor)"
github.com,SAP/openui5-fhir,master,GITHUB,"https://github.com/SAP/openui5-fhir/blob/master","test/sap-fhir-test-app/webapp/controller/patient/PatientDetails.controller.js",no-globals,Error,162,18,"Access of global variable 'sap' (sap.ui.core.UIComponent.getRouterFor)"
github.com,SAP/openui5-fhir,master,GITHUB,"https://github.com/SAP/openui5-fhir/blob/master","test/sap-fhir-test-app/webapp/controller/patient/PatientDetails.controller.js",no-deprecated-api,Error,250,22,"Call to deprecated function 'xmlfragment' (sap.ui.xmlfragment)"
github.com,SAP/openui5-fhir,master,GITHUB,"https://github.com/SAP/openui5-fhir/blob/master","test/sap-fhir-test-app/webapp/controller/patient/PatientDetails.controller.js",no-globals,Error,250,15,"Access of global variable 'sap' (sap.ui.xmlfragment)"
github.com,SAP/openui5-fhir,master,GITHUB,"https://github.com/SAP/openui5-fhir/blob/master","test/sap-fhir-test-app/webapp/controller/patient/PatientDetails.controller.js",no-globals,Error,281,19,"Access of global variable 'sap' (sap.ui.core.UIComponent.getRouterFor)"
github.com,SAP/openui5-fhir,master,GITHUB,"https://github.com/SAP/openui5-fhir/blob/master","test/sap-fhir-test-app/webapp/controller/patient/PatientDetails.controller.js",no-globals,Error,306,16,"Access of global variable 'sap' (sap.m.MessageBox.Action.OK)"
github.com,SAP/openui5-fhir,master,GITHUB,"https://github.com/SAP/openui5-fhir/blob/master","test/sap-fhir-test-app/webapp/controller/patient/PatientDetails.controller.js",no-globals,Error,306,44,"Access of global variable 'sap' (sap.m.MessageBox.Action.CANCEL)"
github.com,SAP/openui5-fhir,master,GITHUB,"https://github.com/SAP/openui5-fhir/blob/master","test/sap-fhir-test-app/webapp/controller/patient/PatientDetails.controller.js",no-globals,Error,313,21,"Access of global variable 'sap' (sap.m.MessageBox.Action.OK)"
github.com,SAP/openui5-fhir,master,GITHUB,"https://github.com/SAP/openui5-fhir/blob/master","test/sap-fhir-test-app/webapp/controller/patient/PatientDetails.controller.js",no-globals,Error,348,15,"Access of global variable 'sap' (sap.m.StandardListItem)"
github.com,SAP/openui5-fhir,master,GITHUB,"https://github.com/SAP/openui5-fhir/blob/master","test/sap-fhir-test-app/webapp/controller/patient/PatientDetails.controller.js",no-deprecated-api,Error,359,35,"Call to deprecated function 'xmlfragment' (sap.ui.xmlfragment)"
github.com,SAP/openui5-fhir,master,GITHUB,"https://github.com/SAP/openui5-fhir/blob/master","test/sap-fhir-test-app/webapp/controller/patient/PatientDetails.controller.js",no-globals,Error,359,28,"Access of global variable 'sap' (sap.ui.xmlfragment)"
github.com,SAP/openui5-fhir,master,GITHUB,"https://github.com/SAP/openui5-fhir/blob/master","test/sap-fhir-test-app/webapp/controller/patient/PatientTable.controller.js",no-globals,Error,45,19,"Access of global variable 'sap' (sap.ui.core.UIComponent.getRouterFor)"
github.com,SAP/openui5-fhir,master,GITHUB,"https://github.com/SAP/openui5-fhir/blob/master","test/sap-fhir-test-app/webapp/controller/patient/PatientTable.controller.js",no-globals,Error,136,22,"Access of global variable 'sap' (sap.ui.model.Filter)"
github.com,SAP/openui5-fhir,master,GITHUB,"https://github.com/SAP/openui5-fhir/blob/master","test/sap-fhir-test-app/webapp/controller/patient/PatientTable.controller.js",no-globals,Error,140,22,"Access of global variable 'sap' (sap.ui.model.Filter)"
github.com,SAP/openui5-fhir,master,GITHUB,"https://github.com/SAP/openui5-fhir/blob/master","test/sap-fhir-test-app/webapp/controller/patient/PatientTable.controller.js",no-globals,Error,167,16,"Access of global variable 'sap' (sap.m.MessageBox.Action.OK)"
github.com,SAP/openui5-fhir,master,GITHUB,"https://github.com/SAP/openui5-fhir/blob/master","test/sap-fhir-test-app/webapp/controller/patient/PatientTable.controller.js",no-globals,Error,167,44,"Access of global variable 'sap' (sap.m.MessageBox.Action.CANCEL)"
github.com,SAP/openui5-fhir,master,GITHUB,"https://github.com/SAP/openui5-fhir/blob/master","test/sap-fhir-test-app/webapp/controller/patient/PatientTable.controller.js",no-globals,Error,174,21,"Access of global variable 'sap' (sap.m.MessageBox.Action.OK)"
github.com,SAP/openui5-fhir,master,GITHUB,"https://github.com/SAP/openui5-fhir/blob/master","test/sap-fhir-test-app/webapp/controller/structureDefinition/IncludeExample.controller.js",no-globals,Error,11,19,"Access of global variable 'sap' (sap.ui.core.UIComponent.getRouterFor)"
github.com,SAP/openui5-fhir,master,GITHUB,"https://github.com/SAP/openui5-fhir/blob/master","test/sap-fhir-test-app/webapp/controller/structureDefinition/StructureDefinition.controller.js",no-globals,Error,19,19,"Access of global variable 'sap' (sap.ui.core.UIComponent.getRouterFor)"
github.com,SAP/openui5-fhir,master,GITHUB,"https://github.com/SAP/openui5-fhir/blob/master","test/sap-fhir-test-app/webapp/controller/structureDefinition/StructureDefinition.controller.js",no-globals,Error,81,5,"Access of global variable 'sap' (sap.m.MessageToast.show)"
github.com,SAP/openui5-fhir,master,GITHUB,"https://github.com/SAP/openui5-fhir/blob/master","test/sap-fhir-test-app/webapp/controller/structureDefinition/StructureDefinition.controller.js",no-globals,Error,95,4,"Access of global variable 'sap' (sap.m.MessageToast.show)"
github.com,SAP/openui5-fhir,master,GITHUB,"https://github.com/SAP/openui5-fhir/blob/master","test/sap-fhir-test-app/webapp/controller/structureDefinition/StructureDefinitionsListAndTables.controller.js",no-globals,Error,23,19,"Access of global variable 'sap' (sap.ui.core.UIComponent.getRouterFor)"
github.com,SAP/openui5-fhir,master,GITHUB,"https://github.com/SAP/openui5-fhir/blob/master","test/sap-fhir-test-app/webapp/controller/structureDefinition/StructureDefinitionsOverview.controller.js",no-globals,Error,11,19,"Access of global variable 'sap' (sap.ui.core.UIComponent.getRouterFor)"
github.com,SAP/openui5-fhir,master,GITHUB,"https://github.com/SAP/openui5-fhir/blob/master","test/sap-fhir-test-app/webapp/controller/structureDefinition/StructureDefinitionsTree.controller.js",no-globals,Error,16,19,"Access of global variable 'sap' (sap.ui.core.UIComponent.getRouterFor)"
github.com,SAP/openui5-fhir,master,GITHUB,"https://github.com/SAP/openui5-fhir/blob/master","test/sap-fhir-test-app/webapp/controller/structureDefinition/StructureDefinitionsTree.controller.js",no-globals,Error,42,4,"Access of global variable 'sap' (sap.m.MessageToast.show)"
github.com,SAP/openui5-fhir,master,GITHUB,"https://github.com/SAP/openui5-fhir/blob/master","test/sap-fhir-test-app/webapp/controller/structureDefinition/StructureDefinitionsTreeTable.controller.js",no-globals,Error,12,19,"Access of global variable 'sap' (sap.ui.core.UIComponent.getRouterFor)"
github.com,SAP/openui5-fhir,master,GITHUB,"https://github.com/SAP/openui5-fhir/blob/master","test/sap-fhir-test-app/webapp/utils/Utils.js",no-deprecated-api,Error,22,37,"Call to deprecated function 'getComponent' of class 'Core'"
github.com,SAP/openui5-fhir,master,GITHUB,"https://github.com/SAP/openui5-fhir/blob/master","test/sap-fhir-test-app/webapp/utils/Utils.js",no-deprecated-api,Error,22,27,"Call to deprecated function 'getCore' (sap.ui.getCore)"
github.com,SAP/openui5-fhir,master,GITHUB,"https://github.com/SAP/openui5-fhir/blob/master","test/sap-fhir-test-app/webapp/utils/Utils.js",no-globals,Error,22,20,"Access of global variable 'sap' (sap.ui.getCore)"
github.com,SAP/openui5-fhir,master,GITHUB,"https://github.com/SAP/openui5-fhir/blob/master","test/sap-fhir-test-app/webapp/utils/Utils.js",no-deprecated-api,Error,42,37,"Call to deprecated function 'byId' of class 'Core'"
github.com,SAP/openui5-fhir,master,GITHUB,"https://github.com/SAP/openui5-fhir/blob/master","test/sap-fhir-test-app/webapp/utils/Utils.js",no-deprecated-api,Error,42,27,"Call to deprecated function 'getCore' (sap.ui.getCore)"
github.com,SAP/openui5-fhir,master,GITHUB,"https://github.com/SAP/openui5-fhir/blob/master","test/sap-fhir-test-app/webapp/utils/Utils.js",no-globals,Error,42,20,"Access of global variable 'sap' (sap.ui.getCore)"
github.com,SAP/openui5-fhir,master,GITHUB,"https://github.com/SAP/openui5-fhir/blob/master","test/sap-fhir-test-app/webapp/utils/Utils.js",no-globals,Error,45,21,"Access of global variable 'sap' (sap.m.BusyDialog)"
github.com,SAP/openui5-fhir,master,GITHUB,"https://github.com/SAP/openui5-fhir/blob/master","test/sap-fhir-test-app/webapp/utils/Utils.js",no-deprecated-api,Error,72,28,"Call to deprecated function 'byId' of class 'Core'"
github.com,SAP/openui5-fhir,master,GITHUB,"https://github.com/SAP/openui5-fhir/blob/master","test/sap-fhir-test-app/webapp/utils/Utils.js",no-deprecated-api,Error,72,18,"Call to deprecated function 'getCore' (sap.ui.getCore)"
github.com,SAP/openui5-fhir,master,GITHUB,"https://github.com/SAP/openui5-fhir/blob/master","test/sap-fhir-test-app/webapp/utils/Utils.js",no-globals,Error,72,11,"Access of global variable 'sap' (sap.ui.getCore)"
github.com,SAP/openui5-fhir,master,GITHUB,"https://github.com/SAP/openui5-fhir/blob/master","test/sap-fhir-test-app/webapp/utils/Utils.js",no-deprecated-api,Error,76,28,"Call to deprecated function 'byId' of class 'Core'"
github.com,SAP/openui5-fhir,master,GITHUB,"https://github.com/SAP/openui5-fhir/blob/master","test/sap-fhir-test-app/webapp/utils/Utils.js",no-deprecated-api,Error,76,18,"Call to deprecated function 'getCore' (sap.ui.getCore)"
github.com,SAP/openui5-fhir,master,GITHUB,"https://github.com/SAP/openui5-fhir/blob/master","test/sap-fhir-test-app/webapp/utils/Utils.js",no-globals,Error,76,11,"Access of global variable 'sap' (sap.ui.getCore)"
github.com,SAP/openui5-fhir,master,GITHUB,"https://github.com/SAP/openui5-fhir/blob/master","test/sap-fhir-test-app/webapp/utils/Utils.js",no-deprecated-api,Error,80,28,"Call to deprecated function 'byId' of class 'Core'"
github.com,SAP/openui5-fhir,master,GITHUB,"https://github.com/SAP/openui5-fhir/blob/master","test/sap-fhir-test-app/webapp/utils/Utils.js",no-deprecated-api,Error,80,18,"Call to deprecated function 'getCore' (sap.ui.getCore)"
github.com,SAP/openui5-fhir,master,GITHUB,"https://github.com/SAP/openui5-fhir/blob/master","test/sap-fhir-test-app/webapp/utils/Utils.js",no-globals,Error,80,11,"Access of global variable 'sap' (sap.ui.getCore)"
github.com,SAP/openui5-fhir,master,GITHUB,"https://github.com/SAP/openui5-fhir/blob/master","test/sap-fhir-test-app/webapp/utils/Utils.js",no-deprecated-api,Error,85,29,"Call to deprecated function 'byId' of class 'Core'"
github.com,SAP/openui5-fhir,master,GITHUB,"https://github.com/SAP/openui5-fhir/blob/master","test/sap-fhir-test-app/webapp/utils/Utils.js",no-deprecated-api,Error,85,19,"Call to deprecated function 'getCore' (sap.ui.getCore)"
github.com,SAP/openui5-fhir,master,GITHUB,"https://github.com/SAP/openui5-fhir/blob/master","test/sap-fhir-test-app/webapp/utils/Utils.js",no-globals,Error,85,12,"Access of global variable 'sap' (sap.ui.getCore)"
github.com,SAP/openui5-fhir,master,GITHUB,"https://github.com/SAP/openui5-fhir/blob/master","test/sap-fhir-test-app/webapp/utils/Utils.js",no-deprecated-api,Error,112,22,"Call to deprecated function 'byId' of class 'Core'"
github.com,SAP/openui5-fhir,master,GITHUB,"https://github.com/SAP/openui5-fhir/blob/master","test/sap-fhir-test-app/webapp/utils/Utils.js",no-deprecated-api,Error,112,12,"Call to deprecated function 'getCore' (sap.ui.getCore)"
github.com,SAP/openui5-fhir,master,GITHUB,"https://github.com/SAP/openui5-fhir/blob/master","test/sap-fhir-test-app/webapp/utils/Utils.js",no-globals,Error,112,5,"Access of global variable 'sap' (sap.ui.getCore)"
github.com,SAP/openui5-fhir,master,GITHUB,"https://github.com/SAP/openui5-fhir/blob/master",test/testsuite.qunit.js,prefer-test-starter,Warning,5,15,"To save boilerplate code and ensure compliance with UI5 2.x best practices, please migrate to the Test Starter concept"
github.com,SAP/openui5-worklist-app,main,GITHUB,"https://github.com/SAP/openui5-worklist-app/blob/main",webapp/index.html,no-deprecated-api,Warning,11,4,"Outdated spelling of bootstrap parameter: 'data-sap-ui-resourceroots'; should be written as 'data-sap-ui-resource-roots'"
github.com,SAP/openui5-worklist-app,main,GITHUB,"https://github.com/SAP/openui5-worklist-app/blob/main",webapp/index.html,no-deprecated-api,Warning,14,4,"Outdated spelling of bootstrap parameter: 'data-sap-ui-oninit'; should be written as 'data-sap-ui-on-init'"
github.com,SAP/openui5-worklist-app,main,GITHUB,"https://github.com/SAP/openui5-worklist-app/blob/main",webapp/index.html,no-deprecated-api,Warning,15,4,"Outdated spelling of bootstrap parameter: 'data-sap-ui-compatVersion'; should be written as 'data-sap-ui-compat-version'"
github.com,SAP/openui5-worklist-app,main,GITHUB,"https://github.com/SAP/openui5-worklist-app/blob/main",webapp/index.html,no-deprecated-api,Warning,17,4,"Outdated spelling of bootstrap parameter: 'data-sap-ui-frameOptions'; should be written as 'data-sap-ui-frame-options'"
github.com,SAP/openui5-worklist-app,main,GITHUB,"https://github.com/SAP/openui5-worklist-app/blob/main","webapp/test/integration/opaTests.qunit.html",no-deprecated-api,Warning,10,4,"Outdated spelling of bootstrap parameter: 'data-sap-ui-resourceroots'; should be written as 'data-sap-ui-resource-roots'"
github.com,SAP/openui5-worklist-app,main,GITHUB,"https://github.com/SAP/openui5-worklist-app/blob/main","webapp/test/integration/opaTests.qunit.html",no-deprecated-api,Error,13,4,"Bootstrap parameter 'data-sap-ui-animation' should be replaced with 'data-sap-ui-animation-mode'"
github.com,SAP/openui5-worklist-app,main,GITHUB,"https://github.com/SAP/openui5-worklist-app/blob/main","webapp/test/integration/opaTests.qunit.html",no-deprecated-api,Warning,14,4,"Outdated spelling of bootstrap parameter: 'data-sap-ui-compatVersion'; should be written as 'data-sap-ui-compat-version'"
github.com,SAP/openui5-worklist-app,main,GITHUB,"https://github.com/SAP/openui5-worklist-app/blob/main","webapp/test/mockServer.html",no-deprecated-api,Warning,11,4,"Outdated spelling of bootstrap parameter: 'data-sap-ui-resourceroots'; should be written as 'data-sap-ui-resource-roots'"
github.com,SAP/openui5-worklist-app,main,GITHUB,"https://github.com/SAP/openui5-worklist-app/blob/main","webapp/test/mockServer.html",no-deprecated-api,Warning,14,4,"Outdated spelling of bootstrap parameter: 'data-sap-ui-oninit'; should be written as 'data-sap-ui-on-init'"
github.com,SAP/openui5-worklist-app,main,GITHUB,"https://github.com/SAP/openui5-worklist-app/blob/main","webapp/test/mockServer.html",no-deprecated-api,Warning,15,4,"Outdated spelling of bootstrap parameter: 'data-sap-ui-compatVersion'; should be written as 'data-sap-ui-compat-version'"
github.com,SAP/openui5-worklist-app,main,GITHUB,"https://github.com/SAP/openui5-worklist-app/blob/main","webapp/test/mockServer.html",no-deprecated-api,Warning,17,4,"Outdated spelling of bootstrap parameter: 'data-sap-ui-frameOptions'; should be written as 'data-sap-ui-frame-options'"
github.com,SAP/openui5-worklist-app,main,GITHUB,"https://github.com/SAP/openui5-worklist-app/blob/main","webapp/test/unit/unitTests.qunit.html",no-deprecated-api,Warning,9,4,"Outdated spelling of bootstrap parameter: 'data-sap-ui-resourceroots'; should be written as 'data-sap-ui-resource-roots'"
github.com,SAP/openui5-worklist-app,main,GITHUB,"https://github.com/SAP/openui5-worklist-app/blob/main","webapp/test/unit/unitTests.qunit.html",no-deprecated-api,Error,7,2,"Missing bootstrap parameter 'data-sap-ui-compat-version'"
github.com,SAP/openui5-worklist-app,main,GITHUB,"https://github.com/SAP/openui5-worklist-app/blob/main","webapp/view/NotFound.view.xml",no-deprecated-api,Error,6,2,"Import of deprecated module 'sap/m/MessagePage'"
github.com,SAP/openui5-worklist-app,main,GITHUB,"https://github.com/SAP/openui5-worklist-app/blob/main","webapp/view/ObjectNotFound.view.xml",no-deprecated-api,Error,6,2,"Import of deprecated module 'sap/m/MessagePage'"
github.com,SAP/openui5-worklist-app,main,GITHUB,"https://github.com/SAP/openui5-worklist-app/blob/main","webapp/localService/mockserver.js",no-deprecated-api,Error,4,2,"Import of deprecated module 'sap/base/util/UriParameters'"
github.com,SAP/openui5-worklist-app,main,GITHUB,"https://github.com/SAP/openui5-worklist-app/blob/main","webapp/test/initMockServer.js",no-deprecated-api,Error,20,27,"Call to deprecated function 'loadLibrary' of class 'Core'"
github.com,SAP/openui5-worklist-app,main,GITHUB,"https://github.com/SAP/openui5-worklist-app/blob/main","webapp/test/initMockServer.js",no-deprecated-api,Error,20,17,"Call to deprecated function 'getCore' (sap.ui.getCore)"
github.com,SAP/openui5-worklist-app,main,GITHUB,"https://github.com/SAP/openui5-worklist-app/blob/main","webapp/test/initMockServer.js",no-globals,Error,20,10,"Access of global variable 'sap' (sap.ui.getCore)"
github.com,SAP/openui5-worklist-app,main,GITHUB,"https://github.com/SAP/openui5-worklist-app/blob/main","webapp/test/integration/opaTests.qunit.js",no-deprecated-api,Error,5,18,"Call to deprecated function 'attachInit' of class 'Core'"
github.com,SAP/openui5-worklist-app,main,GITHUB,"https://github.com/SAP/openui5-worklist-app/blob/main","webapp/test/integration/opaTests.qunit.js",prefer-test-starter,Warning,5,18,"To save boilerplate code and ensure compliance with UI5 2.x best practices, please migrate to the Test Starter concept"
github.com,SAP/openui5-worklist-app,main,GITHUB,"https://github.com/SAP/openui5-worklist-app/blob/main","webapp/test/integration/opaTests.qunit.js",no-deprecated-api,Error,5,8,"Call to deprecated function 'getCore' (sap.ui.getCore)"
github.com,SAP/openui5-worklist-app,main,GITHUB,"https://github.com/SAP/openui5-worklist-app/blob/main","webapp/test/integration/opaTests.qunit.js",no-globals,Error,5,1,"Access of global variable 'sap' (sap.ui.getCore)"
github.com,SAP/openui5-worklist-app,main,GITHUB,"https://github.com/SAP/openui5-worklist-app/blob/main","webapp/test/testsuite.qunit.js",prefer-test-starter,Warning,4,15,"To save boilerplate code and ensure compliance with UI5 2.x best practices, please migrate to the Test Starter concept"
github.com,SAP/openui5-worklist-app,main,GITHUB,"https://github.com/SAP/openui5-worklist-app/blob/main","webapp/test/unit/unitTests.qunit.js",no-deprecated-api,Error,4,18,"Call to deprecated function 'attachInit' of class 'Core'"
github.com,SAP/openui5-worklist-app,main,GITHUB,"https://github.com/SAP/openui5-worklist-app/blob/main","webapp/test/unit/unitTests.qunit.js",prefer-test-starter,Warning,4,18,"To save boilerplate code and ensure compliance with UI5 2.x best practices, please migrate to the Test Starter concept"
github.com,SAP/openui5-worklist-app,main,GITHUB,"https://github.com/SAP/openui5-worklist-app/blob/main","webapp/test/unit/unitTests.qunit.js",no-deprecated-api,Error,4,8,"Call to deprecated function 'getCore' (sap.ui.getCore)"
github.com,SAP/openui5-worklist-app,main,GITHUB,"https://github.com/SAP/openui5-worklist-app/blob/main","webapp/test/unit/unitTests.qunit.js",no-globals,Error,4,1,"Access of global variable 'sap' (sap.ui.getCore)"
github.com,"SAP/pie-chart-reporting-for-jamf-pro",main,GITHUB,"https://github.com/SAP/pie-chart-reporting-for-jamf-pro/blob/main",ui5.yaml,no-deprecated-library,Error,13,7,"Use of deprecated library 'themelib_sap_bluecrystal'"
github.com,"SAP/pie-chart-reporting-for-jamf-pro",main,GITHUB,"https://github.com/SAP/pie-chart-reporting-for-jamf-pro/blob/main",webapp/index.html,no-deprecated-theme,Error,10,22,"Use of deprecated theme 'sap_bluecrystal'"
github.com,"SAP/pie-chart-reporting-for-jamf-pro",main,GITHUB,"https://github.com/SAP/pie-chart-reporting-for-jamf-pro/blob/main",webapp/index.html,no-deprecated-api,Warning,10,39,"Outdated spelling of bootstrap parameter: 'data-sap-ui-compatVersion'; should be written as 'data-sap-ui-compat-version'"
github.com,"SAP/pie-chart-reporting-for-jamf-pro",main,GITHUB,"https://github.com/SAP/pie-chart-reporting-for-jamf-pro/blob/main",webapp/index.html,no-deprecated-api,Warning,11,3,"Outdated spelling of bootstrap parameter: 'data-sap-ui-resourceroots'; should be written as 'data-sap-ui-resource-roots'"
github.com,"SAP/pie-chart-reporting-for-jamf-pro",main,GITHUB,"https://github.com/SAP/pie-chart-reporting-for-jamf-pro/blob/main",webapp/index.html,no-deprecated-api,Error,9,2,"Missing bootstrap parameter 'data-sap-ui-async'"
github.com,"SAP/pie-chart-reporting-for-jamf-pro",main,GITHUB,"https://github.com/SAP/pie-chart-reporting-for-jamf-pro/blob/main",webapp/index.html,csp-unsafe-inline-script,Warning,16,2,"Use of unsafe inline script"
github.com,"SAP/pie-chart-reporting-for-jamf-pro",main,GITHUB,"https://github.com/SAP/pie-chart-reporting-for-jamf-pro/blob/main",webapp/Component.js,no-deprecated-api,Error,1,1,"Use of deprecated API 'jQuery.sap.registerModulePath'"
github.com,"SAP/pie-chart-reporting-for-jamf-pro",main,GITHUB,"https://github.com/SAP/pie-chart-reporting-for-jamf-pro/blob/main",webapp/Component.js,async-component-flags,Error,9,9,"Component is not configured for asynchronous loading."
github.com,"SAP/pie-chart-reporting-for-jamf-pro",main,GITHUB,"https://github.com/SAP/pie-chart-reporting-for-jamf-pro/blob/main","webapp/controller/Detail.controller.js",no-globals,Error,28,21,"Access of global variable 'sap' (sap.ui.model.json.JSONModel)"
github.com,"SAP/pie-chart-reporting-for-jamf-pro",main,GITHUB,"https://github.com/SAP/pie-chart-reporting-for-jamf-pro/blob/main","webapp/controller/Detail.controller.js",no-globals,Error,30,25,"Access of global variable 'sap' (sap.ui.model.json.JSONModel)"
github.com,"SAP/pie-chart-reporting-for-jamf-pro",main,GITHUB,"https://github.com/SAP/pie-chart-reporting-for-jamf-pro/blob/main","webapp/controller/Detail.controller.js",no-globals,Error,31,33,"Access of global variable 'sap' (sap.ui.model.BindingMode.OneWay)"
github.com,"SAP/pie-chart-reporting-for-jamf-pro",main,GITHUB,"https://github.com/SAP/pie-chart-reporting-for-jamf-pro/blob/main","webapp/controller/Detail.controller.js",no-globals,Error,35,4,"Access of global variable 'sap' (sap.ui.core.UIComponent.getRouterFor)"
github.com,"SAP/pie-chart-reporting-for-jamf-pro",main,GITHUB,"https://github.com/SAP/pie-chart-reporting-for-jamf-pro/blob/main","webapp/controller/Detail.controller.js",no-globals,Error,63,4,"Access of global variable 'sap' (sap.ui.core.BusyIndicator.show)"
github.com,"SAP/pie-chart-reporting-for-jamf-pro",main,GITHUB,"https://github.com/SAP/pie-chart-reporting-for-jamf-pro/blob/main","webapp/controller/Detail.controller.js",no-globals,Error,91,45,"Access of global variable 'sap' (sap.ui.model.json.JSONModel)"
github.com,"SAP/pie-chart-reporting-for-jamf-pro",main,GITHUB,"https://github.com/SAP/pie-chart-reporting-for-jamf-pro/blob/main","webapp/controller/Detail.controller.js",no-globals,Error,108,4,"Access of global variable 'sap' (sap.ui.core.BusyIndicator.hide)"
github.com,"SAP/pie-chart-reporting-for-jamf-pro",main,GITHUB,"https://github.com/SAP/pie-chart-reporting-for-jamf-pro/blob/main","webapp/controller/Detail.controller.js",no-globals,Error,222,45,"Access of global variable 'sap' (sap.ui.model.json.JSONModel)"
github.com,"SAP/pie-chart-reporting-for-jamf-pro",main,GITHUB,"https://github.com/SAP/pie-chart-reporting-for-jamf-pro/blob/main","webapp/controller/Detail.controller.js",no-globals,Error,249,4,"Access of global variable 'sap' (sap.ui.core.UIComponent.getRouterFor)"
github.com,"SAP/pie-chart-reporting-for-jamf-pro",main,GITHUB,"https://github.com/SAP/pie-chart-reporting-for-jamf-pro/blob/main","webapp/controller/Master.controller.js",no-globals,Error,28,4,"Access of global variable 'sap' (sap.ui.core.UIComponent.getRouterFor)"
github.com,"SAP/pie-chart-reporting-for-jamf-pro",main,GITHUB,"https://github.com/SAP/pie-chart-reporting-for-jamf-pro/blob/main","webapp/controller/Master.controller.js",no-globals,Error,52,4,"Access of global variable 'sap' (sap.ui.core.BusyIndicator.show)"
github.com,"SAP/pie-chart-reporting-for-jamf-pro",main,GITHUB,"https://github.com/SAP/pie-chart-reporting-for-jamf-pro/blob/main","webapp/controller/Master.controller.js",no-globals,Error,66,25,"Access of global variable 'sap' (sap.ui.model.json.JSONModel)"
github.com,"SAP/pie-chart-reporting-for-jamf-pro",main,GITHUB,"https://github.com/SAP/pie-chart-reporting-for-jamf-pro/blob/main","webapp/controller/Master.controller.js",no-globals,Error,126,4,"Access of global variable 'sap' (sap.ui.core.UIComponent.getRouterFor)"
github.com,"SAP/pie-chart-reporting-for-jamf-pro",main,GITHUB,"https://github.com/SAP/pie-chart-reporting-for-jamf-pro/blob/main","webapp/controller/Master.controller.js",no-globals,Error,139,22,"Access of global variable 'sap' (sap.ui.model.Filter)"
github.com,"SAP/pie-chart-reporting-for-jamf-pro",main,GITHUB,"https://github.com/SAP/pie-chart-reporting-for-jamf-pro/blob/main","webapp/controller/Master.controller.js",no-globals,Error,139,57,"Access of global variable 'sap' (sap.ui.model.FilterOperator.Contains)"
github.com,"SAP/pie-chart-reporting-for-jamf-pro",main,GITHUB,"https://github.com/SAP/pie-chart-reporting-for-jamf-pro/blob/main","webapp/services/AuthService.js",no-globals,Error,40,37,"Access of global variable '$' ($.ajax)"
github.com,"SAP/pie-chart-reporting-for-jamf-pro",main,GITHUB,"https://github.com/SAP/pie-chart-reporting-for-jamf-pro/blob/main","webapp/services/HttpService.js",no-globals,Error,43,23,"Access of global variable '$' ($.ajax)"
github.com,SAP/ui5-flush-game,main,GITHUB,"https://github.com/SAP/ui5-flush-game/blob/main",webapp/manifest.json,no-deprecated-api,Error,123,13,"Use of deprecated property 'sap.ui5/resources/js'"
github.com,SAP/ui5-flush-game,main,GITHUB,"https://github.com/SAP/ui5-flush-game/blob/main",webapp/index.html,no-deprecated-theme,Error,20,22,"Use of deprecated theme 'sap_belize'"
github.com,SAP/ui5-flush-game,main,GITHUB,"https://github.com/SAP/ui5-flush-game/blob/main",webapp/index.html,no-deprecated-api,Warning,21,3,"Outdated spelling of bootstrap parameter: 'data-sap-ui-resourceroots'; should be written as 'data-sap-ui-resource-roots'"
github.com,SAP/ui5-flush-game,main,GITHUB,"https://github.com/SAP/ui5-flush-game/blob/main",webapp/index.html,no-deprecated-api,Warning,24,3,"Outdated spelling of bootstrap parameter: 'data-sap-ui-oninit'; should be written as 'data-sap-ui-on-init'"
github.com,SAP/ui5-flush-game,main,GITHUB,"https://github.com/SAP/ui5-flush-game/blob/main",webapp/index.html,no-deprecated-api,Warning,25,3,"Outdated spelling of bootstrap parameter: 'data-sap-ui-compatVersion'; should be written as 'data-sap-ui-compat-version'"
github.com,SAP/ui5-flush-game,main,GITHUB,"https://github.com/SAP/ui5-flush-game/blob/main",webapp/index.html,no-deprecated-api,Warning,27,3,"Outdated spelling of bootstrap parameter: 'data-sap-ui-frameOptions'; should be written as 'data-sap-ui-frame-options'"
github.com,SAP/ui5-flush-game,main,GITHUB,"https://github.com/SAP/ui5-flush-game/blob/main",webapp/test.html,no-deprecated-theme,Error,6,48,"Use of deprecated theme 'sap_belize'"
github.com,SAP/ui5-flush-game,main,GITHUB,"https://github.com/SAP/ui5-flush-game/blob/main","webapp/view/Home.view.xml",no-deprecated-api,Error,33,4,"Import of deprecated module 'sap/m/TileContainer'"
github.com,SAP/ui5-flush-game,main,GITHUB,"https://github.com/SAP/ui5-flush-game/blob/main","webapp/view/Multi.view.xml",no-deprecated-api,Error,32,4,"Import of deprecated module 'sap/m/TileContainer'"
github.com,SAP/ui5-flush-game,main,GITHUB,"https://github.com/SAP/ui5-flush-game/blob/main","webapp/controller/App.controller.js",no-deprecated-api,Error,7,2,"Import of deprecated module 'sap/base/util/UriParameters'"
github.com,SAP/ui5-flush-game,main,GITHUB,"https://github.com/SAP/ui5-flush-game/blob/main","webapp/controller/App.controller.js",no-deprecated-api,Error,143,41,"Call to deprecated function 'byId' of class 'Core'"
github.com,SAP/ui5-flush-game,main,GITHUB,"https://github.com/SAP/ui5-flush-game/blob/main","webapp/controller/App.controller.js",no-deprecated-api,Error,143,31,"Call to deprecated function 'getCore' (sap.ui.getCore)"
github.com,SAP/ui5-flush-game,main,GITHUB,"https://github.com/SAP/ui5-flush-game/blob/main","webapp/controller/App.controller.js",no-globals,Error,143,24,"Access of global variable 'sap' (sap.ui.getCore)"
github.com,SAP/ui5-flush-game,main,GITHUB,"https://github.com/SAP/ui5-flush-game/blob/main","webapp/controller/App.controller.js",no-deprecated-api,Error,352,39,"Call to deprecated function 'byId' of class 'Core'"
github.com,SAP/ui5-flush-game,main,GITHUB,"https://github.com/SAP/ui5-flush-game/blob/main","webapp/controller/App.controller.js",no-deprecated-api,Error,352,29,"Call to deprecated function 'getCore' (sap.ui.getCore)"
github.com,SAP/ui5-flush-game,main,GITHUB,"https://github.com/SAP/ui5-flush-game/blob/main","webapp/controller/App.controller.js",no-globals,Error,352,22,"Access of global variable 'sap' (sap.ui.getCore)"
github.com,SAP/ui5-flush-game,main,GITHUB,"https://github.com/SAP/ui5-flush-game/blob/main","webapp/controller/Game.controller.js",no-deprecated-api,Error,5,2,"Import of deprecated module 'sap/base/util/UriParameters'"
github.com,SAP/ui5-flush-game,main,GITHUB,"https://github.com/SAP/ui5-flush-game/blob/main","webapp/controller/Home.controller.js",no-deprecated-api,Error,174,42,"Call to deprecated function 'byId' of class 'Core'"
github.com,SAP/ui5-flush-game,main,GITHUB,"https://github.com/SAP/ui5-flush-game/blob/main","webapp/controller/Home.controller.js",no-deprecated-api,Error,174,32,"Call to deprecated function 'getCore' (sap.ui.getCore)"
github.com,SAP/ui5-flush-game,main,GITHUB,"https://github.com/SAP/ui5-flush-game/blob/main","webapp/controller/Home.controller.js",no-globals,Error,174,25,"Access of global variable 'sap' (sap.ui.getCore)"
github.com,SAP/ui5-flush-game,main,GITHUB,"https://github.com/SAP/ui5-flush-game/blob/main","webapp/controller/Intro.controller.js",no-deprecated-api,Error,94,49,"Call to deprecated function 'byId' of class 'Core'"
github.com,SAP/ui5-flush-game,main,GITHUB,"https://github.com/SAP/ui5-flush-game/blob/main","webapp/controller/Intro.controller.js",no-deprecated-api,Error,94,39,"Call to deprecated function 'getCore' (sap.ui.getCore)"
github.com,SAP/ui5-flush-game,main,GITHUB,"https://github.com/SAP/ui5-flush-game/blob/main","webapp/controller/Intro.controller.js",no-globals,Error,94,32,"Access of global variable 'sap' (sap.ui.getCore)"
github.com,SAP/ui5-flush-game,main,GITHUB,"https://github.com/SAP/ui5-flush-game/blob/main","webapp/controller/Multi.controller.js",no-deprecated-api,Error,199,42,"Call to deprecated function 'byId' of class 'Core'"
github.com,SAP/ui5-flush-game,main,GITHUB,"https://github.com/SAP/ui5-flush-game/blob/main","webapp/controller/Multi.controller.js",no-deprecated-api,Error,199,32,"Call to deprecated function 'getCore' (sap.ui.getCore)"
github.com,SAP/ui5-flush-game,main,GITHUB,"https://github.com/SAP/ui5-flush-game/blob/main","webapp/controller/Multi.controller.js",no-globals,Error,199,25,"Access of global variable 'sap' (sap.ui.getCore)"
github.com,SAP/ui5-flush-game,main,GITHUB,"https://github.com/SAP/ui5-flush-game/blob/main","webapp/controller/Outro.controller.js",no-deprecated-api,Error,44,42,"Call to deprecated function 'byId' of class 'Core'"
github.com,SAP/ui5-flush-game,main,GITHUB,"https://github.com/SAP/ui5-flush-game/blob/main","webapp/controller/Outro.controller.js",no-deprecated-api,Error,44,32,"Call to deprecated function 'getCore' (sap.ui.getCore)"
github.com,SAP/ui5-flush-game,main,GITHUB,"https://github.com/SAP/ui5-flush-game/blob/main","webapp/controller/Outro.controller.js",no-globals,Error,44,25,"Access of global variable 'sap' (sap.ui.getCore)"
github.com,SAP/ui5-flush-game,main,GITHUB,"https://github.com/SAP/ui5-flush-game/blob/main","webapp/controller/Outro.controller.js",no-deprecated-api,Error,46,23,"Call to deprecated function 'byId' of class 'Core'"
github.com,SAP/ui5-flush-game,main,GITHUB,"https://github.com/SAP/ui5-flush-game/blob/main","webapp/controller/Outro.controller.js",no-deprecated-api,Error,46,13,"Call to deprecated function 'getCore' (sap.ui.getCore)"
github.com,SAP/ui5-flush-game,main,GITHUB,"https://github.com/SAP/ui5-flush-game/blob/main","webapp/controller/Outro.controller.js",no-globals,Error,46,6,"Access of global variable 'sap' (sap.ui.getCore)"
github.com,SAP/ui5-flush-game,main,GITHUB,"https://github.com/SAP/ui5-flush-game/blob/main","webapp/controller/SoundManager.js",no-deprecated-api,Error,5,2,"Import of deprecated module 'sap/base/util/UriParameters'"
github.com,SAP/ui5-flush-game,main,GITHUB,"https://github.com/SAP/ui5-flush-game/blob/main",webapp/controls/Game.js,no-deprecated-api,Error,540,42,"Call to deprecated function 'byId' of class 'Core'"
github.com,SAP/ui5-flush-game,main,GITHUB,"https://github.com/SAP/ui5-flush-game/blob/main",webapp/controls/Game.js,no-deprecated-api,Error,540,32,"Call to deprecated function 'getCore' (sap.ui.getCore)"
github.com,SAP/ui5-flush-game,main,GITHUB,"https://github.com/SAP/ui5-flush-game/blob/main",webapp/controls/Game.js,no-globals,Error,540,25,"Access of global variable 'sap' (sap.ui.getCore)"
github.com,SAP/ui5-flush-game,main,GITHUB,"https://github.com/SAP/ui5-flush-game/blob/main",webapp/controls/Game.js,no-globals,Error,602,4,"Access of global variable 'sap' (sap.m.PageRenderer.render)"
github.com,SAP/ui5-flush-game,main,GITHUB,"https://github.com/SAP/ui5-flush-game/blob/main","webapp/controls/GameTile.js",no-deprecated-api,Error,3,2,"Import of deprecated module 'sap/m/CustomTile'"
github.com,SAP/ui5-flush-game,main,GITHUB,"https://github.com/SAP/ui5-flush-game/blob/main","webapp/controls/GameTile.js",no-deprecated-api,Error,104,31,"Call to deprecated function 'createRenderManager' of class 'Core'"
github.com,SAP/ui5-flush-game,main,GITHUB,"https://github.com/SAP/ui5-flush-game/blob/main","webapp/controls/GameTile.js",no-deprecated-api,Error,104,21,"Call to deprecated function 'getCore' (sap.ui.getCore)"
github.com,SAP/ui5-flush-game,main,GITHUB,"https://github.com/SAP/ui5-flush-game/blob/main","webapp/controls/GameTile.js",no-globals,Error,104,14,"Access of global variable 'sap' (sap.ui.getCore)"
github.com,SAP/ui5-flush-game,main,GITHUB,"https://github.com/SAP/ui5-flush-game/blob/main","webapp/controls/MessageToastDeluxe.js",no-globals,Error,10,2,"Access of global variable 'sap' (sap.m.MessageToast._validateDockPosition)"
github.com,SAP/ui5-flush-game,main,GITHUB,"https://github.com/SAP/ui5-flush-game/blob/main","webapp/controls/MessageToastDeluxe.js","no-deprecated-control-renderer-declaration",Error,17,9,"Control 'MessageToastDeluxe_1' is missing a renderer declaration"
github.com,SAP/ui5-flush-game,main,GITHUB,"https://github.com/SAP/ui5-flush-game/blob/main","webapp/controls/MessageToastStory.js","no-deprecated-control-renderer-declaration",Error,10,9,"Control 'MessageToastStory_1' is missing a renderer declaration"
github.com,SAP/ui5-flush-game,main,GITHUB,"https://github.com/SAP/ui5-flush-game/blob/main","webapp/levels/UncontrollableMultiplayer/Level.js",no-deprecated-api,Error,83,13,"Use of deprecated API 'jQuery.sap.getUriParameters'"
github.com,SAP/ui5-flush-game,main,GITHUB,"https://github.com/SAP/ui5-flush-game/blob/main","webapp/levels/UncontrollableMultiplayer/Level.js",no-globals,Error,328,7,"Access of global variable 'jQuery' (jQuery)"
github.com,SAP/ui5-flush-game,main,GITHUB,"https://github.com/SAP/ui5-flush-game/blob/main","webapp/levels/UncontrollableMultiplayer/Level.js",no-globals,Error,329,7,"Access of global variable 'jQuery' (jQuery)"
github.com,SAP/ui5-flush-game,main,GITHUB,"https://github.com/SAP/ui5-flush-game/blob/main","webapp/levels/UncontrollableMultiplayer/Level.js",no-deprecated-api,Error,784,10,"Use of deprecated API 'jQuery.sap.getUriParameters'"
github.com,SAP/ui5-flush-game,main,GITHUB,"https://github.com/SAP/ui5-flush-game/blob/main","webapp/levels/UncontrollableMultiplayer/Level.js",no-deprecated-api,Error,785,7,"Use of deprecated API 'jQuery.sap.log'"
